timestamp_ms,lat,lon,alt,exp_name
1776251729260,32.193264,34.884068,60.94989,UriyaCohenEliya_acroBuilding_SamsungSM-A235F_15-04-2026_exp4
1776251730280,32.19319,34.88409,71.59064,UriyaCohenEliya_acroBuilding_SamsungSM-A235F_15-04-2026_exp4
1776251732260,32.193176,34.884045,70.254944,UriyaCohenEliya_acroBuilding_SamsungSM-A235F_15-04-2026_exp4
1776251733260,32.193146,34.884148,53.017334,UriyaCohenEliya_acroBuilding_SamsungSM-A235F_15-04-2026_exp4
1776251734840,32.19312,34.884132,65.754456,UriyaCohenEliya_acroBuilding_SamsungSM-A235F_15-04-2026_exp4
1776251735840,32.19312,34.88412,69.71161,UriyaCohenEliya_acroBuilding_SamsungSM-A235F_15-04-2026_exp4
1776251736840,32.193127,34.884117,70.44806,UriyaCohenEliya_acroBuilding_SamsungSM-A235F_15-04-2026_exp4
1776251737840,32.193134,34.88411,69.724915,UriyaCohenEliya_acroBuilding_SamsungSM-A235F_15-04-2026_exp4
1776251738840,32.19313,34.88411,69.55591,UriyaCohenEliya_acroBuilding_SamsungSM-A235F_15-04-2026_exp4
1776251739840,32.192955,34.883995,81.382385,UriyaCohenEliya_acroBuilding_SamsungSM-A235F_15-04-2026_exp4
1776251741280,32.192966,34.88398,73.83826,UriyaCohenEliya_acroBuilding_SamsungSM-A235F_15-04-2026_exp4
1776251742260,32.19312,34.884113,69.98511,UriyaCohenEliya_acroBuilding_SamsungSM-A235F_15-04-2026_exp4
1776251743840,32.193115,34.88411,70.8244,UriyaCohenEliya_acroBuilding_SamsungSM-A235F_15-04-2026_exp4
1776251744820,32.19311,34.88411,71.41675,UriyaCohenEliya_acroBuilding_SamsungSM-A235F_15-04-2026_exp4
1776251745820,32.193108,34.88411,71.92316,UriyaCohenEliya_acroBuilding_SamsungSM-A235F_15-04-2026_exp4
1776251746840,32.193104,34.884113,73.52197,UriyaCohenEliya_acroBuilding_SamsungSM-A235F_15-04-2026_exp4
1776251747820,32.1931,34.884117,74.08032,UriyaCohenEliya_acroBuilding_SamsungSM-A235F_15-04-2026_exp4
1776251748820,32.193096,34.884117,74.78601,UriyaCohenEliya_acroBuilding_SamsungSM-A235F_15-04-2026_exp4
1776251749840,32.193092,34.88412,75.51282,UriyaCohenEliya_acroBuilding_SamsungSM-A235F_15-04-2026_exp4
1776251750840,32.193092,34.884125,76.4447,UriyaCohenEliya_acroBuilding_SamsungSM-A235F_15-04-2026_exp4
1776251751840,32.193092,34.884125,77.03119,UriyaCohenEliya_acroBuilding_SamsungSM-A235F_15-04-2026_exp4
1776251752820,32.193092,34.884125,77.71484,UriyaCohenEliya_acroBuilding_SamsungSM-A235F_15-04-2026_exp4
1776251753840,32.19309,34.884125,77.961914,UriyaCohenEliya_acroBuilding_SamsungSM-A235F_15-04-2026_exp4
1776251754840,32.19309,34.88413,77.92523,UriyaCohenEliya_acroBuilding_SamsungSM-A235F_15-04-2026_exp4
1776251755840,32.19309,34.88413,77.96863,UriyaCohenEliya_acroBuilding_SamsungSM-A235F_15-04-2026_exp4
1776251756840,32.19309,34.88413,77.979675,UriyaCohenEliya_acroBuilding_SamsungSM-A235F_15-04-2026_exp4
1776251757820,32.19309,34.88413,77.997925,UriyaCohenEliya_acroBuilding_SamsungSM-A235F_15-04-2026_exp4
1776251758820,32.19309,34.88413,78.00403,UriyaCohenEliya_acroBuilding_SamsungSM-A235F_15-04-2026_exp4
1776251759840,32.19309,34.88413,77.9115,UriyaCohenEliya_acroBuilding_SamsungSM-A235F_15-04-2026_exp4
1776251760840,32.193085,34.88413,77.845764,UriyaCohenEliya_acroBuilding_SamsungSM-A235F_15-04-2026_exp4
1776251761840,32.193085,34.88413,77.721375,UriyaCohenEliya_acroBuilding_SamsungSM-A235F_15-04-2026_exp4
1776251762840,32.193085,34.88413,77.55286,UriyaCohenEliya_acroBuilding_SamsungSM-A235F_15-04-2026_exp4
1776251763840,32.193085,34.88413,77.55676,UriyaCohenEliya_acroBuilding_SamsungSM-A235F_15-04-2026_exp4
1776251764840,32.193085,34.88413,77.54022,UriyaCohenEliya_acroBuilding_SamsungSM-A235F_15-04-2026_exp4
1776251765840,32.193085,34.88413,77.535706,UriyaCohenEliya_acroBuilding_SamsungSM-A235F_15-04-2026_exp4
1776251766840,32.193085,34.88413,77.5462,UriyaCohenEliya_acroBuilding_SamsungSM-A235F_15-04-2026_exp4
1776251767820,32.193085,34.88413,77.54492,UriyaCohenEliya_acroBuilding_SamsungSM-A235F_15-04-2026_exp4
1776251768840,32.193085,34.88413,77.55121,UriyaCohenEliya_acroBuilding_SamsungSM-A235F_15-04-2026_exp4
1776251769840,32.193085,34.88413,77.53497,UriyaCohenEliya_acroBuilding_SamsungSM-A235F_15-04-2026_exp4
1776251770820,32.193085,34.88413,77.529724,UriyaCohenEliya_acroBuilding_SamsungSM-A235F_15-04-2026_exp4
1776251771820,32.193085,34.88413,77.52551,UriyaCohenEliya_acroBuilding_SamsungSM-A235F_15-04-2026_exp4
1776251772840,32.193085,34.88413,77.523254,UriyaCohenEliya_acroBuilding_SamsungSM-A235F_15-04-2026_exp4
1776251773840,32.193085,34.88413,77.51959,UriyaCohenEliya_acroBuilding_SamsungSM-A235F_15-04-2026_exp4
1776251774820,32.193085,34.88413,77.582214,UriyaCohenEliya_acroBuilding_SamsungSM-A235F_15-04-2026_exp4
1776251775820,32.193085,34.88413,77.58667,UriyaCohenEliya_acroBuilding_SamsungSM-A235F_15-04-2026_exp4
1776251776840,32.193085,34.88413,77.60071,UriyaCohenEliya_acroBuilding_SamsungSM-A235F_15-04-2026_exp4
1776251777840,32.193085,34.88413,77.62091,UriyaCohenEliya_acroBuilding_SamsungSM-A235F_15-04-2026_exp4
1776251778840,32.193085,34.88413,77.62512,UriyaCohenEliya_acroBuilding_SamsungSM-A235F_15-04-2026_exp4
1776251779820,32.193085,34.884132,77.63776,UriyaCohenEliya_acroBuilding_SamsungSM-A235F_15-04-2026_exp4
1776251780820,32.193085,34.884132,77.64642,UriyaCohenEliya_acroBuilding_SamsungSM-A235F_15-04-2026_exp4
1776251781820,32.193085,34.884132,77.65393,UriyaCohenEliya_acroBuilding_SamsungSM-A235F_15-04-2026_exp4
1776251782840,32.193085,34.884132,77.643616,UriyaCohenEliya_acroBuilding_SamsungSM-A235F_15-04-2026_exp4
1776251783840,32.193085,34.884132,77.6311,UriyaCohenEliya_acroBuilding_SamsungSM-A235F_15-04-2026_exp4
1776251784840,32.19308,34.884132,77.620056,UriyaCohenEliya_acroBuilding_SamsungSM-A235F_15-04-2026_exp4
1776251785840,32.19308,34.884132,77.6145,UriyaCohenEliya_acroBuilding_SamsungSM-A235F_15-04-2026_exp4
1776251786840,32.19308,34.884132,77.61157,UriyaCohenEliya_acroBuilding_SamsungSM-A235F_15-04-2026_exp4
1776251787840,32.19308,34.884132,77.60724,UriyaCohenEliya_acroBuilding_SamsungSM-A235F_15-04-2026_exp4
1776251788840,32.19308,34.884132,77.60632,UriyaCohenEliya_acroBuilding_SamsungSM-A235F_15-04-2026_exp4
1776251789840,32.19308,34.884132,77.601074,UriyaCohenEliya_acroBuilding_SamsungSM-A235F_15-04-2026_exp4
1776251790840,32.19308,34.884132,77.6369,UriyaCohenEliya_acroBuilding_SamsungSM-A235F_15-04-2026_exp4
1776251791840,32.19308,34.884132,77.66943,UriyaCohenEliya_acroBuilding_SamsungSM-A235F_15-04-2026_exp4
1776251792820,32.19308,34.884132,77.6662,UriyaCohenEliya_acroBuilding_SamsungSM-A235F_15-04-2026_exp4
1776251793840,32.19308,34.884132,77.668274,UriyaCohenEliya_acroBuilding_SamsungSM-A235F_15-04-2026_exp4
1776251794840,32.19308,34.884132,77.673035,UriyaCohenEliya_acroBuilding_SamsungSM-A235F_15-04-2026_exp4
1776251795840,32.19308,34.884132,77.6756,UriyaCohenEliya_acroBuilding_SamsungSM-A235F_15-04-2026_exp4
1776251796840,32.19308,34.884132,77.67493,UriyaCohenEliya_acroBuilding_SamsungSM-A235F_15-04-2026_exp4
1776251797820,32.19308,34.884132,77.70178,UriyaCohenEliya_acroBuilding_SamsungSM-A235F_15-04-2026_exp4
1776251798840,32.19308,34.884132,77.706665,UriyaCohenEliya_acroBuilding_SamsungSM-A235F_15-04-2026_exp4
1776251799840,32.19308,34.884132,77.70892,UriyaCohenEliya_acroBuilding_SamsungSM-A235F_15-04-2026_exp4
1776251800840,32.19308,34.884132,77.7146,UriyaCohenEliya_acroBuilding_SamsungSM-A235F_15-04-2026_exp4
1776251801820,32.19308,34.884132,77.72717,UriyaCohenEliya_acroBuilding_SamsungSM-A235F_15-04-2026_exp4
1776251802820,32.19308,34.884132,77.72992,UriyaCohenEliya_acroBuilding_SamsungSM-A235F_15-04-2026_exp4
1776251803820,32.19308,34.884132,77.73511,UriyaCohenEliya_acroBuilding_SamsungSM-A235F_15-04-2026_exp4
1776251804840,32.19308,34.88413,77.21503,UriyaCohenEliya_acroBuilding_SamsungSM-A235F_15-04-2026_exp4
1776251805840,32.19308,34.88413,77.30237,UriyaCohenEliya_acroBuilding_SamsungSM-A235F_15-04-2026_exp4
1776251806840,32.19308,34.88413,77.13049,UriyaCohenEliya_acroBuilding_SamsungSM-A235F_15-04-2026_exp4
1776251807820,32.19308,34.88413,76.90784,UriyaCohenEliya_acroBuilding_SamsungSM-A235F_15-04-2026_exp4
1776251808840,32.19308,34.88413,76.86139,UriyaCohenEliya_acroBuilding_SamsungSM-A235F_15-04-2026_exp4
1776251809840,32.19308,34.88413,76.798706,UriyaCohenEliya_acroBuilding_SamsungSM-A235F_15-04-2026_exp4
1776251810840,32.193085,34.88413,76.72876,UriyaCohenEliya_acroBuilding_SamsungSM-A235F_15-04-2026_exp4
1776251811840,32.193085,34.88413,76.644775,UriyaCohenEliya_acroBuilding_SamsungSM-A235F_15-04-2026_exp4
1776251812840,32.193085,34.88413,76.58099,UriyaCohenEliya_acroBuilding_SamsungSM-A235F_15-04-2026_exp4
1776251813840,32.193085,34.88413,76.54108,UriyaCohenEliya_acroBuilding_SamsungSM-A235F_15-04-2026_exp4
1776251814840,32.193085,34.88413,76.493225,UriyaCohenEliya_acroBuilding_SamsungSM-A235F_15-04-2026_exp4
1776251815840,32.193085,34.88413,76.43646,UriyaCohenEliya_acroBuilding_SamsungSM-A235F_15-04-2026_exp4
1776251816840,32.193085,34.88413,76.377075,UriyaCohenEliya_acroBuilding_SamsungSM-A235F_15-04-2026_exp4
1776251817840,32.193085,34.88413,76.33826,UriyaCohenEliya_acroBuilding_SamsungSM-A235F_15-04-2026_exp4
1776251818840,32.193085,34.88413,76.29877,UriyaCohenEliya_acroBuilding_SamsungSM-A235F_15-04-2026_exp4
1776251819820,32.193085,34.88413,76.27417,UriyaCohenEliya_acroBuilding_SamsungSM-A235F_15-04-2026_exp4
1776251820840,32.193085,34.88413,76.2522,UriyaCohenEliya_acroBuilding_SamsungSM-A235F_15-04-2026_exp4
1776251821840,32.193085,34.88413,76.2688,UriyaCohenEliya_acroBuilding_SamsungSM-A235F_15-04-2026_exp4
1776251822820,32.193085,34.88413,76.270874,UriyaCohenEliya_acroBuilding_SamsungSM-A235F_15-04-2026_exp4
1776251823820,32.193085,34.884125,76.27875,UriyaCohenEliya_acroBuilding_SamsungSM-A235F_15-04-2026_exp4
1776251824820,32.193085,34.884125,76.28699,UriyaCohenEliya_acroBuilding_SamsungSM-A235F_15-04-2026_exp4
1776251825840,32.193085,34.884125,76.29297,UriyaCohenEliya_acroBuilding_SamsungSM-A235F_15-04-2026_exp4
1776251826840,32.193085,34.884125,76.30182,UriyaCohenEliya_acroBuilding_SamsungSM-A235F_15-04-2026_exp4
1776251827840,32.193085,34.884125,76.29901,UriyaCohenEliya_acroBuilding_SamsungSM-A235F_15-04-2026_exp4
1776251828840,32.193085,34.884125,76.29785,UriyaCohenEliya_acroBuilding_SamsungSM-A235F_15-04-2026_exp4
1776251829840,32.193085,34.884125,76.299255,UriyaCohenEliya_acroBuilding_SamsungSM-A235F_15-04-2026_exp4
1776251830840,32.193085,34.884125,76.286194,UriyaCohenEliya_acroBuilding_SamsungSM-A235F_15-04-2026_exp4
1776251831840,32.193085,34.884125,76.29144,UriyaCohenEliya_acroBuilding_SamsungSM-A235F_15-04-2026_exp4
1776251832840,32.193085,34.884125,76.281006,UriyaCohenEliya_acroBuilding_SamsungSM-A235F_15-04-2026_exp4
1776251833840,32.193085,34.884125,76.2829,UriyaCohenEliya_acroBuilding_SamsungSM-A235F_15-04-2026_exp4
1776251834840,32.193085,34.884125,76.28461,UriyaCohenEliya_acroBuilding_SamsungSM-A235F_15-04-2026_exp4
1776251835820,32.193085,34.884125,76.29065,UriyaCohenEliya_acroBuilding_SamsungSM-A235F_15-04-2026_exp4
1776251836840,32.193085,34.884125,76.30145,UriyaCohenEliya_acroBuilding_SamsungSM-A235F_15-04-2026_exp4
1776251837840,32.193085,34.884125,76.316956,UriyaCohenEliya_acroBuilding_SamsungSM-A235F_15-04-2026_exp4
1776251838840,32.193085,34.884125,76.33307,UriyaCohenEliya_acroBuilding_SamsungSM-A235F_15-04-2026_exp4
1776251839840,32.193085,34.884125,76.33252,UriyaCohenEliya_acroBuilding_SamsungSM-A235F_15-04-2026_exp4
1776251840840,32.193085,34.884125,76.328674,UriyaCohenEliya_acroBuilding_SamsungSM-A235F_15-04-2026_exp4
1776251841840,32.19308,34.884125,76.32788,UriyaCohenEliya_acroBuilding_SamsungSM-A235F_15-04-2026_exp4
1776251842840,32.19308,34.884125,76.33899,UriyaCohenEliya_acroBuilding_SamsungSM-A235F_15-04-2026_exp4
1776251843840,32.19308,34.884125,76.3479,UriyaCohenEliya_acroBuilding_SamsungSM-A235F_15-04-2026_exp4
1776251844840,32.193085,34.884125,76.35748,UriyaCohenEliya_acroBuilding_SamsungSM-A235F_15-04-2026_exp4
1776251845840,32.193085,34.884125,76.359985,UriyaCohenEliya_acroBuilding_SamsungSM-A235F_15-04-2026_exp4
1776251846820,32.193085,34.884125,76.363464,UriyaCohenEliya_acroBuilding_SamsungSM-A235F_15-04-2026_exp4
1776251847820,32.193085,34.884125,76.359436,UriyaCohenEliya_acroBuilding_SamsungSM-A235F_15-04-2026_exp4
1776251848820,32.193085,34.884125,76.37219,UriyaCohenEliya_acroBuilding_SamsungSM-A235F_15-04-2026_exp4
1776251849840,32.193085,34.884125,76.17871,UriyaCohenEliya_acroBuilding_SamsungSM-A235F_15-04-2026_exp4
1776251850840,32.19309,34.88411,76.359375,UriyaCohenEliya_acroBuilding_SamsungSM-A235F_15-04-2026_exp4
1776251851820,32.193092,34.88409,76.868225,UriyaCohenEliya_acroBuilding_SamsungSM-A235F_15-04-2026_exp4
1776251852840,32.193092,34.884075,76.73279,UriyaCohenEliya_acroBuilding_SamsungSM-A235F_15-04-2026_exp4
1776251853820,32.193096,34.88406,75.880066,UriyaCohenEliya_acroBuilding_SamsungSM-A235F_15-04-2026_exp4
1776251854840,32.1931,34.88405,75.58435,UriyaCohenEliya_acroBuilding_SamsungSM-A235F_15-04-2026_exp4
1776251855820,32.193108,34.88404,75.41168,UriyaCohenEliya_acroBuilding_SamsungSM-A235F_15-04-2026_exp4
1776251856820,32.193108,34.884037,75.339355,UriyaCohenEliya_acroBuilding_SamsungSM-A235F_15-04-2026_exp4
1776251857840,32.193108,34.884037,75.1828,UriyaCohenEliya_acroBuilding_SamsungSM-A235F_15-04-2026_exp4
1776251858840,32.193108,34.88404,75.20508,UriyaCohenEliya_acroBuilding_SamsungSM-A235F_15-04-2026_exp4
1776251859840,32.193108,34.88404,75.2168,UriyaCohenEliya_acroBuilding_SamsungSM-A235F_15-04-2026_exp4
1776251860840,32.193108,34.88404,75.22412,UriyaCohenEliya_acroBuilding_SamsungSM-A235F_15-04-2026_exp4
1776251861840,32.193108,34.884045,75.22827,UriyaCohenEliya_acroBuilding_SamsungSM-A235F_15-04-2026_exp4
1776251862840,32.193108,34.884045,75.23712,UriyaCohenEliya_acroBuilding_SamsungSM-A235F_15-04-2026_exp4
1776251863840,32.193108,34.884045,75.23352,UriyaCohenEliya_acroBuilding_SamsungSM-A235F_15-04-2026_exp4
1776251864820,32.193108,34.884045,75.23193,UriyaCohenEliya_acroBuilding_SamsungSM-A235F_15-04-2026_exp4
1776251865840,32.193108,34.884045,75.23285,UriyaCohenEliya_acroBuilding_SamsungSM-A235F_15-04-2026_exp4
1776251866840,32.193108,34.884045,75.240906,UriyaCohenEliya_acroBuilding_SamsungSM-A235F_15-04-2026_exp4
1776251867820,32.193108,34.884045,75.24231,UriyaCohenEliya_acroBuilding_SamsungSM-A235F_15-04-2026_exp4
1776251868840,32.193108,34.884045,75.26105,UriyaCohenEliya_acroBuilding_SamsungSM-A235F_15-04-2026_exp4
1776251869840,32.193108,34.884045,75.26294,UriyaCohenEliya_acroBuilding_SamsungSM-A235F_15-04-2026_exp4
1776251870820,32.193108,34.884045,75.263306,UriyaCohenEliya_acroBuilding_SamsungSM-A235F_15-04-2026_exp4
1776251871840,32.193108,34.884045,75.263916,UriyaCohenEliya_acroBuilding_SamsungSM-A235F_15-04-2026_exp4
1776251872840,32.193108,34.884045,75.263794,UriyaCohenEliya_acroBuilding_SamsungSM-A235F_15-04-2026_exp4
1776251873840,32.193108,34.884045,75.26288,UriyaCohenEliya_acroBuilding_SamsungSM-A235F_15-04-2026_exp4
1776251874840,32.193108,34.884045,75.25696,UriyaCohenEliya_acroBuilding_SamsungSM-A235F_15-04-2026_exp4
1776251875820,32.193108,34.884045,75.25586,UriyaCohenEliya_acroBuilding_SamsungSM-A235F_15-04-2026_exp4
1776251876820,32.193108,34.884045,75.25568,UriyaCohenEliya_acroBuilding_SamsungSM-A235F_15-04-2026_exp4
1776251877820,32.193108,34.884045,75.247375,UriyaCohenEliya_acroBuilding_SamsungSM-A235F_15-04-2026_exp4
1776251878840,32.193108,34.884045,75.25079,UriyaCohenEliya_acroBuilding_SamsungSM-A235F_15-04-2026_exp4
1776251879840,32.193108,34.884045,75.25049,UriyaCohenEliya_acroBuilding_SamsungSM-A235F_15-04-2026_exp4
1776251880840,32.193108,34.884045,75.252014,UriyaCohenEliya_acroBuilding_SamsungSM-A235F_15-04-2026_exp4
1776251881820,32.193108,34.884045,75.25226,UriyaCohenEliya_acroBuilding_SamsungSM-A235F_15-04-2026_exp4
1776251882840,32.193108,34.884045,75.24579,UriyaCohenEliya_acroBuilding_SamsungSM-A235F_15-04-2026_exp4
1776251883840,32.193108,34.884045,75.25128,UriyaCohenEliya_acroBuilding_SamsungSM-A235F_15-04-2026_exp4
1776251884820,32.193108,34.884045,75.24921,UriyaCohenEliya_acroBuilding_SamsungSM-A235F_15-04-2026_exp4
1776251885840,32.193108,34.884045,75.25018,UriyaCohenEliya_acroBuilding_SamsungSM-A235F_15-04-2026_exp4
1776251886840,32.193108,34.884045,75.24463,UriyaCohenEliya_acroBuilding_SamsungSM-A235F_15-04-2026_exp4
1776251887840,32.193108,34.884045,75.24878,UriyaCohenEliya_acroBuilding_SamsungSM-A235F_15-04-2026_exp4
1776251888840,32.193108,34.884045,75.25159,UriyaCohenEliya_acroBuilding_SamsungSM-A235F_15-04-2026_exp4
1776251889820,32.193108,34.884045,75.24652,UriyaCohenEliya_acroBuilding_SamsungSM-A235F_15-04-2026_exp4
1776251890840,32.193108,34.884045,75.24066,UriyaCohenEliya_acroBuilding_SamsungSM-A235F_15-04-2026_exp4
1776251891840,32.193108,34.884045,75.23389,UriyaCohenEliya_acroBuilding_SamsungSM-A235F_15-04-2026_exp4
1776251892840,32.193108,34.884045,75.22711,UriyaCohenEliya_acroBuilding_SamsungSM-A235F_15-04-2026_exp4
1776251893820,32.193108,34.884045,75.21857,UriyaCohenEliya_acroBuilding_SamsungSM-A235F_15-04-2026_exp4
1776251894840,32.193108,34.884045,75.21301,UriyaCohenEliya_acroBuilding_SamsungSM-A235F_15-04-2026_exp4
1776251895840,32.193108,34.884045,75.213745,UriyaCohenEliya_acroBuilding_SamsungSM-A235F_15-04-2026_exp4
1776251896840,32.193108,34.884045,75.21515,UriyaCohenEliya_acroBuilding_SamsungSM-A235F_15-04-2026_exp4
1776251897820,32.193108,34.884045,75.2077,UriyaCohenEliya_acroBuilding_SamsungSM-A235F_15-04-2026_exp4
1776251898840,32.193108,34.884045,75.205505,UriyaCohenEliya_acroBuilding_SamsungSM-A235F_15-04-2026_exp4
1776251899820,32.193108,34.884045,75.20166,UriyaCohenEliya_acroBuilding_SamsungSM-A235F_15-04-2026_exp4
1776251900840,32.193108,34.884045,75.19824,UriyaCohenEliya_acroBuilding_SamsungSM-A235F_15-04-2026_exp4
1776251901820,32.193108,34.884045,75.19525,UriyaCohenEliya_acroBuilding_SamsungSM-A235F_15-04-2026_exp4
1776251902820,32.193108,34.884045,75.190674,UriyaCohenEliya_acroBuilding_SamsungSM-A235F_15-04-2026_exp4
1776251903840,32.193108,34.884045,75.18964,UriyaCohenEliya_acroBuilding_SamsungSM-A235F_15-04-2026_exp4
1776251904820,32.193108,34.884045,75.204285,UriyaCohenEliya_acroBuilding_SamsungSM-A235F_15-04-2026_exp4
1776251905820,32.193108,34.884045,75.22522,UriyaCohenEliya_acroBuilding_SamsungSM-A235F_15-04-2026_exp4
1776251906840,32.193108,34.884045,75.21991,UriyaCohenEliya_acroBuilding_SamsungSM-A235F_15-04-2026_exp4
1776251907840,32.193108,34.884045,75.213196,UriyaCohenEliya_acroBuilding_SamsungSM-A235F_15-04-2026_exp4
1776251908820,32.193108,34.884045,75.207214,UriyaCohenEliya_acroBuilding_SamsungSM-A235F_15-04-2026_exp4
1776251909840,32.193108,34.884045,75.20886,UriyaCohenEliya_acroBuilding_SamsungSM-A235F_15-04-2026_exp4
1776251910820,32.193104,34.884045,75.20593,UriyaCohenEliya_acroBuilding_SamsungSM-A235F_15-04-2026_exp4
1776251911840,32.193104,34.884045,75.20184,UriyaCohenEliya_acroBuilding_SamsungSM-A235F_15-04-2026_exp4
1776251912840,32.193104,34.884045,75.197876,UriyaCohenEliya_acroBuilding_SamsungSM-A235F_15-04-2026_exp4
1776251913840,32.193104,34.884045,75.19745,UriyaCohenEliya_acroBuilding_SamsungSM-A235F_15-04-2026_exp4
1776251914820,32.193104,34.884045,75.19696,UriyaCohenEliya_acroBuilding_SamsungSM-A235F_15-04-2026_exp4
1776251915840,32.193104,34.884045,75.1936,UriyaCohenEliya_acroBuilding_SamsungSM-A235F_15-04-2026_exp4
1776251916840,32.193104,34.884045,75.19379,UriyaCohenEliya_acroBuilding_SamsungSM-A235F_15-04-2026_exp4
1776251917840,32.193104,34.884045,75.190674,UriyaCohenEliya_acroBuilding_SamsungSM-A235F_15-04-2026_exp4
1776251918840,32.193104,34.884045,75.19177,UriyaCohenEliya_acroBuilding_SamsungSM-A235F_15-04-2026_exp4
1776251919840,32.193104,34.884045,75.188965,UriyaCohenEliya_acroBuilding_SamsungSM-A235F_15-04-2026_exp4
1776251920840,32.193104,34.884045,75.18158,UriyaCohenEliya_acroBuilding_SamsungSM-A235F_15-04-2026_exp4
1776251921840,32.193104,34.884045,75.18085,UriyaCohenEliya_acroBuilding_SamsungSM-A235F_15-04-2026_exp4
1776251922840,32.193104,34.884045,75.199524,UriyaCohenEliya_acroBuilding_SamsungSM-A235F_15-04-2026_exp4
1776251923820,32.193104,34.884045,75.21405,UriyaCohenEliya_acroBuilding_SamsungSM-A235F_15-04-2026_exp4
1776251924820,32.193104,34.884045,75.20679,UriyaCohenEliya_acroBuilding_SamsungSM-A235F_15-04-2026_exp4
1776251925840,32.193104,34.884045,75.19977,UriyaCohenEliya_acroBuilding_SamsungSM-A235F_15-04-2026_exp4
1776251926840,32.193104,34.884045,75.19495,UriyaCohenEliya_acroBuilding_SamsungSM-A235F_15-04-2026_exp4
1776251927840,32.193104,34.884045,75.19238,UriyaCohenEliya_acroBuilding_SamsungSM-A235F_15-04-2026_exp4
1776251928820,32.193104,34.884045,75.194824,UriyaCohenEliya_acroBuilding_SamsungSM-A235F_15-04-2026_exp4
1776251929840,32.193104,34.884045,75.19629,UriyaCohenEliya_acroBuilding_SamsungSM-A235F_15-04-2026_exp4
1776251930840,32.193104,34.884045,75.19812,UriyaCohenEliya_acroBuilding_SamsungSM-A235F_15-04-2026_exp4
1776251931840,32.193104,34.884045,75.200745,UriyaCohenEliya_acroBuilding_SamsungSM-A235F_15-04-2026_exp4
1776251932840,32.193104,34.884045,75.20209,UriyaCohenEliya_acroBuilding_SamsungSM-A235F_15-04-2026_exp4
1776251933820,32.193104,34.884045,75.204834,UriyaCohenEliya_acroBuilding_SamsungSM-A235F_15-04-2026_exp4
1776251934840,32.193104,34.884045,75.204834,UriyaCohenEliya_acroBuilding_SamsungSM-A235F_15-04-2026_exp4
1776251935840,32.193104,34.884045,75.20465,UriyaCohenEliya_acroBuilding_SamsungSM-A235F_15-04-2026_exp4
1776251936840,32.193104,34.884045,75.20227,UriyaCohenEliya_acroBuilding_SamsungSM-A235F_15-04-2026_exp4
1776251937820,32.193104,34.884045,75.2052,UriyaCohenEliya_acroBuilding_SamsungSM-A235F_15-04-2026_exp4
1776251938820,32.193104,34.884045,75.20471,UriyaCohenEliya_acroBuilding_SamsungSM-A235F_15-04-2026_exp4
1776251939840,32.193104,34.884045,75.20178,UriyaCohenEliya_acroBuilding_SamsungSM-A235F_15-04-2026_exp4
1776251940840,32.193104,34.884045,75.20093,UriyaCohenEliya_acroBuilding_SamsungSM-A235F_15-04-2026_exp4
1776251941840,32.193104,34.884045,75.192505,UriyaCohenEliya_acroBuilding_SamsungSM-A235F_15-04-2026_exp4
1776251942840,32.193104,34.884045,75.190674,UriyaCohenEliya_acroBuilding_SamsungSM-A235F_15-04-2026_exp4
1776251943840,32.193104,34.884045,75.19214,UriyaCohenEliya_acroBuilding_SamsungSM-A235F_15-04-2026_exp4
1776251944820,32.193104,34.884045,75.18756,UriyaCohenEliya_acroBuilding_SamsungSM-A235F_15-04-2026_exp4
1776251945840,32.193104,34.884045,75.18414,UriyaCohenEliya_acroBuilding_SamsungSM-A235F_15-04-2026_exp4
1776251946840,32.193104,34.884045,75.17975,UriyaCohenEliya_acroBuilding_SamsungSM-A235F_15-04-2026_exp4
1776251947840,32.193104,34.884045,75.1712,UriyaCohenEliya_acroBuilding_SamsungSM-A235F_15-04-2026_exp4
1776251948820,32.193104,34.884045,75.16516,UriyaCohenEliya_acroBuilding_SamsungSM-A235F_15-04-2026_exp4
1776251949820,32.193104,34.884045,75.16034,UriyaCohenEliya_acroBuilding_SamsungSM-A235F_15-04-2026_exp4
1776251950820,32.193104,34.884045,75.15326,UriyaCohenEliya_acroBuilding_SamsungSM-A235F_15-04-2026_exp4
1776251951820,32.193104,34.884045,75.14722,UriyaCohenEliya_acroBuilding_SamsungSM-A235F_15-04-2026_exp4
1776251952820,32.193104,34.884045,75.14575,UriyaCohenEliya_acroBuilding_SamsungSM-A235F_15-04-2026_exp4
1776251953840,32.193104,34.884045,75.143616,UriyaCohenEliya_acroBuilding_SamsungSM-A235F_15-04-2026_exp4
1776251954820,32.193104,34.884045,75.14398,UriyaCohenEliya_acroBuilding_SamsungSM-A235F_15-04-2026_exp4
1776251955840,32.193104,34.884045,75.17322,UriyaCohenEliya_acroBuilding_SamsungSM-A235F_15-04-2026_exp4
1776251956840,32.193104,34.884045,75.18811,UriyaCohenEliya_acroBuilding_SamsungSM-A235F_15-04-2026_exp4
1776251957840,32.193104,34.884045,75.19055,UriyaCohenEliya_acroBuilding_SamsungSM-A235F_15-04-2026_exp4
1776251958840,32.193104,34.884045,75.19653,UriyaCohenEliya_acroBuilding_SamsungSM-A235F_15-04-2026_exp4
1776251959840,32.193104,34.884045,74.84265,UriyaCohenEliya_acroBuilding_SamsungSM-A235F_15-04-2026_exp4
1776251960840,32.193104,34.884045,74.874756,UriyaCohenEliya_acroBuilding_SamsungSM-A235F_15-04-2026_exp4
1776251961840,32.1931,34.88404,74.8866,UriyaCohenEliya_acroBuilding_SamsungSM-A235F_15-04-2026_exp4
1776251962840,32.193096,34.884026,74.16998,UriyaCohenEliya_acroBuilding_SamsungSM-A235F_15-04-2026_exp4
1776251963840,32.193092,34.88401,74.04138,UriyaCohenEliya_acroBuilding_SamsungSM-A235F_15-04-2026_exp4
1776251964840,32.19309,34.883995,73.65326,UriyaCohenEliya_acroBuilding_SamsungSM-A235F_15-04-2026_exp4
1776251965840,32.193085,34.883984,73.620605,UriyaCohenEliya_acroBuilding_SamsungSM-A235F_15-04-2026_exp4
1776251966840,32.193085,34.88397,73.34656,UriyaCohenEliya_acroBuilding_SamsungSM-A235F_15-04-2026_exp4
1776251967840,32.19309,34.883957,73.211426,UriyaCohenEliya_acroBuilding_SamsungSM-A235F_15-04-2026_exp4
1776251968840,32.193092,34.88394,73.31592,UriyaCohenEliya_acroBuilding_SamsungSM-A235F_15-04-2026_exp4
1776251969840,32.193104,34.883926,73.39563,UriyaCohenEliya_acroBuilding_SamsungSM-A235F_15-04-2026_exp4
1776251970840,32.19312,34.88392,73.276,UriyaCohenEliya_acroBuilding_SamsungSM-A235F_15-04-2026_exp4
1776251971840,32.193134,34.883926,73.02667,UriyaCohenEliya_acroBuilding_SamsungSM-A235F_15-04-2026_exp4
1776251972840,32.19315,34.883934,72.94202,UriyaCohenEliya_acroBuilding_SamsungSM-A235F_15-04-2026_exp4
1776251973840,32.193165,34.883938,72.95563,UriyaCohenEliya_acroBuilding_SamsungSM-A235F_15-04-2026_exp4
1776252064840,32.193863,34.883316,70.168274,UriyaCohenEliya_acroBuilding_SamsungSM-A235F_15-04-2026_exp4
1776252065840,32.193863,34.8833,70.952576,UriyaCohenEliya_acroBuilding_SamsungSM-A235F_15-04-2026_exp4
1776252066840,32.193863,34.883286,70.874695,UriyaCohenEliya_acroBuilding_SamsungSM-A235F_15-04-2026_exp4
1776252067820,32.193863,34.883274,71.63562,UriyaCohenEliya_acroBuilding_SamsungSM-A235F_15-04-2026_exp4
1776252068820,32.193863,34.88326,71.94696,UriyaCohenEliya_acroBuilding_SamsungSM-A235F_15-04-2026_exp4
1776252069840,32.19386,34.883244,73.33472,UriyaCohenEliya_acroBuilding_SamsungSM-A235F_15-04-2026_exp4
1776252070840,32.193863,34.88323,74.079346,UriyaCohenEliya_acroBuilding_SamsungSM-A235F_15-04-2026_exp4
1776252071840,32.193863,34.883213,75.39838,UriyaCohenEliya_acroBuilding_SamsungSM-A235F_15-04-2026_exp4
1776252072840,32.193863,34.8832,76.618225,UriyaCohenEliya_acroBuilding_SamsungSM-A235F_15-04-2026_exp4
1776252073840,32.193867,34.883186,75.9389,UriyaCohenEliya_acroBuilding_SamsungSM-A235F_15-04-2026_exp4
1776252074840,32.193863,34.88317,76.49188,UriyaCohenEliya_acroBuilding_SamsungSM-A235F_15-04-2026_exp4
1776252075840,32.19386,34.883156,76.68292,UriyaCohenEliya_acroBuilding_SamsungSM-A235F_15-04-2026_exp4
1776252076820,32.193855,34.88314,77.346436,UriyaCohenEliya_acroBuilding_SamsungSM-A235F_15-04-2026_exp4
1776252077840,32.193855,34.88312,78.09088,UriyaCohenEliya_acroBuilding_SamsungSM-A235F_15-04-2026_exp4
1776252078840,32.19385,34.883106,79.15613,UriyaCohenEliya_acroBuilding_SamsungSM-A235F_15-04-2026_exp4
1776252079820,32.19385,34.883095,79.398254,UriyaCohenEliya_acroBuilding_SamsungSM-A235F_15-04-2026_exp4
1776252080840,32.193848,34.88308,79.86145,UriyaCohenEliya_acroBuilding_SamsungSM-A235F_15-04-2026_exp4
1776252081840,32.19384,34.883064,81.1286,UriyaCohenEliya_acroBuilding_SamsungSM-A235F_15-04-2026_exp4
1776252082840,32.19384,34.88305,80.9436,UriyaCohenEliya_acroBuilding_SamsungSM-A235F_15-04-2026_exp4
1776252083840,32.193836,34.883034,81.27368,UriyaCohenEliya_acroBuilding_SamsungSM-A235F_15-04-2026_exp4
1776252084840,32.193832,34.88302,80.914734,UriyaCohenEliya_acroBuilding_SamsungSM-A235F_15-04-2026_exp4
1776252085820,32.193832,34.883003,79.51489,UriyaCohenEliya_acroBuilding_SamsungSM-A235F_15-04-2026_exp4
1776252086840,32.19383,34.882988,79.76984,UriyaCohenEliya_acroBuilding_SamsungSM-A235F_15-04-2026_exp4
1776252087840,32.19383,34.882973,80.12427,UriyaCohenEliya_acroBuilding_SamsungSM-A235F_15-04-2026_exp4
1776252088840,32.19383,34.882954,80.494385,UriyaCohenEliya_acroBuilding_SamsungSM-A235F_15-04-2026_exp4
1776252089820,32.193832,34.88293,82.54608,UriyaCohenEliya_acroBuilding_SamsungSM-A235F_15-04-2026_exp4
1776252090840,32.193832,34.88291,83.25232,UriyaCohenEliya_acroBuilding_SamsungSM-A235F_15-04-2026_exp4
1776252091840,32.193832,34.882893,83.51825,UriyaCohenEliya_acroBuilding_SamsungSM-A235F_15-04-2026_exp4
1776252092840,32.193832,34.882877,83.41217,UriyaCohenEliya_acroBuilding_SamsungSM-A235F_15-04-2026_exp4
1776252093840,32.19384,34.88286,84.5022,UriyaCohenEliya_acroBuilding_SamsungSM-A235F_15-04-2026_exp4
1776252094840,32.193844,34.882835,86.26068,UriyaCohenEliya_acroBuilding_SamsungSM-A235F_15-04-2026_exp4
1776252095840,32.193844,34.882812,86.649414,UriyaCohenEliya_acroBuilding_SamsungSM-A235F_15-04-2026_exp4
1776252096820,32.19384,34.882793,86.958984,UriyaCohenEliya_acroBuilding_SamsungSM-A235F_15-04-2026_exp4
1776252097840,32.193832,34.88278,85.97418,UriyaCohenEliya_acroBuilding_SamsungSM-A235F_15-04-2026_exp4
1776252098840,32.19382,34.882755,86.49579,UriyaCohenEliya_acroBuilding_SamsungSM-A235F_15-04-2026_exp4
1776252099820,32.19381,34.882736,86.79529,UriyaCohenEliya_acroBuilding_SamsungSM-A235F_15-04-2026_exp4
1776252100820,32.1938,34.88272,86.586365,UriyaCohenEliya_acroBuilding_SamsungSM-A235F_15-04-2026_exp4
1776252101840,32.193798,34.882706,86.62036,UriyaCohenEliya_acroBuilding_SamsungSM-A235F_15-04-2026_exp4
1776252102820,32.19379,34.88269,85.722534,UriyaCohenEliya_acroBuilding_SamsungSM-A235F_15-04-2026_exp4
1776252103840,32.193783,34.88267,84.239136,UriyaCohenEliya_acroBuilding_SamsungSM-A235F_15-04-2026_exp4
1776252104840,32.19377,34.882656,83.471375,UriyaCohenEliya_acroBuilding_SamsungSM-A235F_15-04-2026_exp4
1776252105840,32.193752,34.882652,84.42944,UriyaCohenEliya_acroBuilding_SamsungSM-A235F_15-04-2026_exp4
1776252106840,32.19374,34.882656,84.10095,UriyaCohenEliya_acroBuilding_SamsungSM-A235F_15-04-2026_exp4
1776252107820,32.19373,34.882664,83.81915,UriyaCohenEliya_acroBuilding_SamsungSM-A235F_15-04-2026_exp4
1776252108840,32.193718,34.88267,83.80591,UriyaCohenEliya_acroBuilding_SamsungSM-A235F_15-04-2026_exp4
1776252109820,32.193707,34.88267,83.59039,UriyaCohenEliya_acroBuilding_SamsungSM-A235F_15-04-2026_exp4
1776252110840,32.19369,34.88267,83.59277,UriyaCohenEliya_acroBuilding_SamsungSM-A235F_15-04-2026_exp4
1776252111840,32.19368,34.882675,83.7121,UriyaCohenEliya_acroBuilding_SamsungSM-A235F_15-04-2026_exp4
1776252112840,32.19367,34.88268,83.54877,UriyaCohenEliya_acroBuilding_SamsungSM-A235F_15-04-2026_exp4
1776252113840,32.193657,34.882687,82.18915,UriyaCohenEliya_acroBuilding_SamsungSM-A235F_15-04-2026_exp4
1776252114820,32.193645,34.882694,81.13165,UriyaCohenEliya_acroBuilding_SamsungSM-A235F_15-04-2026_exp4
1776252115820,32.193634,34.8827,81.5683,UriyaCohenEliya_acroBuilding_SamsungSM-A235F_15-04-2026_exp4
1776252116840,32.193623,34.882706,81.45691,UriyaCohenEliya_acroBuilding_SamsungSM-A235F_15-04-2026_exp4
1776252117840,32.19361,34.88271,82.111084,UriyaCohenEliya_acroBuilding_SamsungSM-A235F_15-04-2026_exp4
1776252118840,32.1936,34.88271,83.31354,UriyaCohenEliya_acroBuilding_SamsungSM-A235F_15-04-2026_exp4
1776252119840,32.193584,34.88272,85.53522,UriyaCohenEliya_acroBuilding_SamsungSM-A235F_15-04-2026_exp4
1776252120840,32.193573,34.88274,86.48242,UriyaCohenEliya_acroBuilding_SamsungSM-A235F_15-04-2026_exp4
1776252121840,32.19356,34.882755,87.98749,UriyaCohenEliya_acroBuilding_SamsungSM-A235F_15-04-2026_exp4
1776252122820,32.19355,34.882774,88.333374,UriyaCohenEliya_acroBuilding_SamsungSM-A235F_15-04-2026_exp4
1776252123820,32.19354,34.88279,88.94324,UriyaCohenEliya_acroBuilding_SamsungSM-A235F_15-04-2026_exp4
1776252124840,32.193523,34.882797,88.91748,UriyaCohenEliya_acroBuilding_SamsungSM-A235F_15-04-2026_exp4
1776252125840,32.193512,34.88281,88.96161,UriyaCohenEliya_acroBuilding_SamsungSM-A235F_15-04-2026_exp4
1776252126840,32.193497,34.882816,88.69531,UriyaCohenEliya_acroBuilding_SamsungSM-A235F_15-04-2026_exp4
1776252127820,32.19348,34.882812,90.08502,UriyaCohenEliya_acroBuilding_SamsungSM-A235F_15-04-2026_exp4
1776252128840,32.193478,34.882805,89.90338,UriyaCohenEliya_acroBuilding_SamsungSM-A235F_15-04-2026_exp4
1776252129840,32.19347,34.882797,90.68689,UriyaCohenEliya_acroBuilding_SamsungSM-A235F_15-04-2026_exp4
1776252130840,32.19346,34.882793,91.74066,UriyaCohenEliya_acroBuilding_SamsungSM-A235F_15-04-2026_exp4
1776252131840,32.193447,34.88279,93.09546,UriyaCohenEliya_acroBuilding_SamsungSM-A235F_15-04-2026_exp4
1776252132840,32.193436,34.882786,94.151,UriyaCohenEliya_acroBuilding_SamsungSM-A235F_15-04-2026_exp4
1776252133840,32.193428,34.882782,95.706116,UriyaCohenEliya_acroBuilding_SamsungSM-A235F_15-04-2026_exp4
1776252134840,32.193417,34.88278,95.49304,UriyaCohenEliya_acroBuilding_SamsungSM-A235F_15-04-2026_exp4
1776252135840,32.19341,34.88278,96.11633,UriyaCohenEliya_acroBuilding_SamsungSM-A235F_15-04-2026_exp4
1776252136840,32.193405,34.882774,95.75403,UriyaCohenEliya_acroBuilding_SamsungSM-A235F_15-04-2026_exp4
1776252137820,32.193394,34.882774,97.094666,UriyaCohenEliya_acroBuilding_SamsungSM-A235F_15-04-2026_exp4
1776252138840,32.193386,34.88278,97.80359,UriyaCohenEliya_acroBuilding_SamsungSM-A235F_15-04-2026_exp4
1776252139840,32.193382,34.88279,97.65906,UriyaCohenEliya_acroBuilding_SamsungSM-A235F_15-04-2026_exp4
1776252140840,32.193375,34.8828,97.3988,UriyaCohenEliya_acroBuilding_SamsungSM-A235F_15-04-2026_exp4
1776252141840,32.193363,34.88281,97.04242,UriyaCohenEliya_acroBuilding_SamsungSM-A235F_15-04-2026_exp4
1776252142840,32.19336,34.882824,97.606445,UriyaCohenEliya_acroBuilding_SamsungSM-A235F_15-04-2026_exp4
1776252143840,32.193356,34.882843,97.628845,UriyaCohenEliya_acroBuilding_SamsungSM-A235F_15-04-2026_exp4
1776252144840,32.19336,34.882866,97.43335,UriyaCohenEliya_acroBuilding_SamsungSM-A235F_15-04-2026_exp4
1776252145840,32.193375,34.88289,96.98132,UriyaCohenEliya_acroBuilding_SamsungSM-A235F_15-04-2026_exp4
1776252146840,32.19339,34.882915,95.78552,UriyaCohenEliya_acroBuilding_SamsungSM-A235F_15-04-2026_exp4
1776252147840,32.193398,34.882935,95.312744,UriyaCohenEliya_acroBuilding_SamsungSM-A235F_15-04-2026_exp4
1776252148840,32.193405,34.88295,94.13318,UriyaCohenEliya_acroBuilding_SamsungSM-A235F_15-04-2026_exp4
1776252149840,32.19342,34.882973,92.932434,UriyaCohenEliya_acroBuilding_SamsungSM-A235F_15-04-2026_exp4
1776252150840,32.19343,34.882996,92.50641,UriyaCohenEliya_acroBuilding_SamsungSM-A235F_15-04-2026_exp4
1776252151820,32.193443,34.88302,91.661255,UriyaCohenEliya_acroBuilding_SamsungSM-A235F_15-04-2026_exp4
1776252152820,32.193455,34.883045,91.28491,UriyaCohenEliya_acroBuilding_SamsungSM-A235F_15-04-2026_exp4
1776252153840,32.193466,34.88308,90.82349,UriyaCohenEliya_acroBuilding_SamsungSM-A235F_15-04-2026_exp4
1776252154840,32.193474,34.88311,89.547485,UriyaCohenEliya_acroBuilding_SamsungSM-A235F_15-04-2026_exp4
1776252155840,32.193485,34.88313,88.54895,UriyaCohenEliya_acroBuilding_SamsungSM-A235F_15-04-2026_exp4
1776252156840,32.193497,34.883156,86.92163,UriyaCohenEliya_acroBuilding_SamsungSM-A235F_15-04-2026_exp4
1776252157820,32.19351,34.88318,85.82764,UriyaCohenEliya_acroBuilding_SamsungSM-A235F_15-04-2026_exp4
1776252158840,32.193512,34.883198,84.64258,UriyaCohenEliya_acroBuilding_SamsungSM-A235F_15-04-2026_exp4
1776252159840,32.193516,34.88322,84.19464,UriyaCohenEliya_acroBuilding_SamsungSM-A235F_15-04-2026_exp4
1776252160840,32.19352,34.883244,83.477905,UriyaCohenEliya_acroBuilding_SamsungSM-A235F_15-04-2026_exp4
1776252161820,32.193527,34.883266,83.427795,UriyaCohenEliya_acroBuilding_SamsungSM-A235F_15-04-2026_exp4
1776252162840,32.193535,34.883278,83.9035,UriyaCohenEliya_acroBuilding_SamsungSM-A235F_15-04-2026_exp4
1776252163840,32.193546,34.88329,83.98663,UriyaCohenEliya_acroBuilding_SamsungSM-A235F_15-04-2026_exp4
1776252164840,32.193554,34.883297,83.79541,UriyaCohenEliya_acroBuilding_SamsungSM-A235F_15-04-2026_exp4
1776252165840,32.193565,34.8833,83.96692,UriyaCohenEliya_acroBuilding_SamsungSM-A235F_15-04-2026_exp4
1776252166840,32.19358,34.8833,84.30066,UriyaCohenEliya_acroBuilding_SamsungSM-A235F_15-04-2026_exp4
1776252167840,32.193596,34.883293,84.41681,UriyaCohenEliya_acroBuilding_SamsungSM-A235F_15-04-2026_exp4
1776252168840,32.19361,34.88329,83.32141,UriyaCohenEliya_acroBuilding_SamsungSM-A235F_15-04-2026_exp4
1776252169840,32.19362,34.883278,82.70404,UriyaCohenEliya_acroBuilding_SamsungSM-A235F_15-04-2026_exp4
1776252170840,32.193623,34.88327,82.38403,UriyaCohenEliya_acroBuilding_SamsungSM-A235F_15-04-2026_exp4
1776252171840,32.193615,34.88327,81.85663,UriyaCohenEliya_acroBuilding_SamsungSM-A235F_15-04-2026_exp4
1776252172840,32.19362,34.88326,81.45947,UriyaCohenEliya_acroBuilding_SamsungSM-A235F_15-04-2026_exp4
1776252173820,32.193615,34.88324,81.53351,UriyaCohenEliya_acroBuilding_SamsungSM-A235F_15-04-2026_exp4
1776252174840,32.19361,34.88322,81.44104,UriyaCohenEliya_acroBuilding_SamsungSM-A235F_15-04-2026_exp4
1776252175840,32.193607,34.88321,81.33948,UriyaCohenEliya_acroBuilding_SamsungSM-A235F_15-04-2026_exp4
1776252176840,32.1936,34.883198,81.35028,UriyaCohenEliya_acroBuilding_SamsungSM-A235F_15-04-2026_exp4
1776252177840,32.193596,34.883194,81.32117,UriyaCohenEliya_acroBuilding_SamsungSM-A235F_15-04-2026_exp4
1776252178820,32.193596,34.883194,81.32037,UriyaCohenEliya_acroBuilding_SamsungSM-A235F_15-04-2026_exp4
1776252179840,32.193592,34.883194,81.34155,UriyaCohenEliya_acroBuilding_SamsungSM-A235F_15-04-2026_exp4
1776252180840,32.193592,34.883198,81.340454,UriyaCohenEliya_acroBuilding_SamsungSM-A235F_15-04-2026_exp4
1776252181820,32.193592,34.883198,81.33539,UriyaCohenEliya_acroBuilding_SamsungSM-A235F_15-04-2026_exp4
1776252182840,32.193592,34.883198,81.33099,UriyaCohenEliya_acroBuilding_SamsungSM-A235F_15-04-2026_exp4
1776252183840,32.193592,34.883198,81.32733,UriyaCohenEliya_acroBuilding_SamsungSM-A235F_15-04-2026_exp4
1776252184840,32.193592,34.883198,81.325806,UriyaCohenEliya_acroBuilding_SamsungSM-A235F_15-04-2026_exp4
1776252883840,32.193264,34.883495,90.36127,UriyaCohenEliya_acroBuilding_SamsungSM-A235F_15-04-2026_exp4
1776252884840,32.193153,34.88355,103.35297,UriyaCohenEliya_acroBuilding_SamsungSM-A235F_15-04-2026_exp4
1776252885820,32.193134,34.883553,109.04767,UriyaCohenEliya_acroBuilding_SamsungSM-A235F_15-04-2026_exp4
1776252886840,32.193157,34.883537,104.07471,UriyaCohenEliya_acroBuilding_SamsungSM-A235F_15-04-2026_exp4
1776252887840,32.193207,34.88353,99.29315,UriyaCohenEliya_acroBuilding_SamsungSM-A235F_15-04-2026_exp4
1776252888840,32.193264,34.88352,96.24658,UriyaCohenEliya_acroBuilding_SamsungSM-A235F_15-04-2026_exp4
1776252889840,32.193275,34.883514,95.39551,UriyaCohenEliya_acroBuilding_SamsungSM-A235F_15-04-2026_exp4
1776252890820,32.193275,34.883514,96.812744,UriyaCohenEliya_acroBuilding_SamsungSM-A235F_15-04-2026_exp4
1776252891820,32.19327,34.88352,97.29089,UriyaCohenEliya_acroBuilding_SamsungSM-A235F_15-04-2026_exp4
1776252892820,32.193275,34.88352,97.638245,UriyaCohenEliya_acroBuilding_SamsungSM-A235F_15-04-2026_exp4
1776252893820,32.19327,34.88352,98.109924,UriyaCohenEliya_acroBuilding_SamsungSM-A235F_15-04-2026_exp4
1776252894840,32.19327,34.88352,98.77008,UriyaCohenEliya_acroBuilding_SamsungSM-A235F_15-04-2026_exp4
1776252895840,32.193264,34.883526,99.62451,UriyaCohenEliya_acroBuilding_SamsungSM-A235F_15-04-2026_exp4
1776252896840,32.19325,34.883533,101.13855,UriyaCohenEliya_acroBuilding_SamsungSM-A235F_15-04-2026_exp4
1776252897820,32.193245,34.88354,102.11731,UriyaCohenEliya_acroBuilding_SamsungSM-A235F_15-04-2026_exp4
1776252898825,32.193233,34.88355,102.829956,UriyaCohenEliya_acroBuilding_SamsungSM-A235F_15-04-2026_exp4
1776252899824,32.193222,34.883556,104.17346,UriyaCohenEliya_acroBuilding_SamsungSM-A235F_15-04-2026_exp4
1776252900822,32.193222,34.883556,103.58411,UriyaCohenEliya_acroBuilding_SamsungSM-A235F_15-04-2026_exp4
1776252901820,32.193222,34.883556,103.20758,UriyaCohenEliya_acroBuilding_SamsungSM-A235F_15-04-2026_exp4
1776252902820,32.193226,34.883556,102.89911,UriyaCohenEliya_acroBuilding_SamsungSM-A235F_15-04-2026_exp4
1776252903820,32.193226,34.883556,102.89679,UriyaCohenEliya_acroBuilding_SamsungSM-A235F_15-04-2026_exp4
1776252904820,32.193233,34.88356,102.10211,UriyaCohenEliya_acroBuilding_SamsungSM-A235F_15-04-2026_exp4
1776252905840,32.193237,34.883556,101.83002,UriyaCohenEliya_acroBuilding_SamsungSM-A235F_15-04-2026_exp4
1776252906820,32.193245,34.88356,101.038635,UriyaCohenEliya_acroBuilding_SamsungSM-A235F_15-04-2026_exp4
