exp,kind,gt_idx,type,duration_s,true_dh,status,oracle_pred_dh,oracle_ci,oracle_accepted
eyalyakir_acroBuilding_SamsungSM-S911B_15-04-2026_exp4,train,0,up,23.46199999999999,27.0788,clean,27.083686398048673,3.1406028720398926,False
eyalyakir_acroBuilding_SamsungSM-S911B_15-04-2026_exp4,train,1,down,17.25,-15.639999999999995,clean,-14.395131802355996,2.1845222450467547,True
eyalyakir_acroBuilding_SamsungSM-S911B_15-04-2026_exp4,train,2,down,10.95799999999997,-3.7073,clean,-3.3803983875771366,0.7930730715749238,False
eyalyakir_acroBuilding_SamsungSM-S911B_15-04-2026_exp4,train,3,up,17.528999999999996,15.1485,clean,14.230968790874247,1.5616794391892792,False
eyalyakir_acroBuilding_SamsungSM-S911B_15-04-2026_exp4,train,4,up,15.855999999999995,11.172,clean,10.752770146747821,1.737318702351612,False
eyalyakir_acroBuilding_SamsungSM-S911B_15-04-2026_exp4,train,5,down,19.322000000000003,-15.639999999999995,clean,-18.720881028587268,1.7247401361815862,True
eyalyakir_acroBuilding_SamsungSM-S911B_15-04-2026_exp4,train,6,down,13.269000000000005,-7.82,clean,-7.32254331564769,1.19540779461474,False
eyalyakir_acroBuilding_SamsungSM-S911B_15-04-2026_exp4,train,7,down,13.347999999999956,-7.82,clean,-7.383970963347477,1.0108872531269213,True
eyalyakir_acroBuilding_SamsungSM-S911B_15-04-2026_exp4,train,8,up,25.216000000000008,25.78,clean,28.270391749212166,3.272366375813112,False
eyalyakir_acroBuilding_SamsungSM-S911B_15-04-2026_exp4,train,9,down,25.45399999999995,-31.28,clean,-29.06246633714677,2.766144507790913,False
eyalyakir_acroBuilding_SamsungSM-S911B_15-04-2026_exp4,train,10,up,21.47199999999998,23.5313,clean,22.371551756553767,2.12090156062964,True
eyalyakir_acroBuilding_SamsungSM-S911B_15-04-2026_exp4,train,11,down,20.794000000000096,-22.5398,clean,-22.05279374520348,2.0262433232107684,True
eyalyakir_acroBuilding_Xiaomi22101320I_15-04-2026_exp4,train,0,up,23.46199999999999,27.0788,clean,28.42450102109446,4.566705530228839,False
eyalyakir_acroBuilding_Xiaomi22101320I_15-04-2026_exp4,train,1,down,17.25,-15.639999999999995,clean,-10.052644497621904,2.584169056387643,False
eyalyakir_acroBuilding_Xiaomi22101320I_15-04-2026_exp4,train,2,down,10.95799999999997,-3.7073,clean,-3.558241600494115,0.8051123752996483,False
eyalyakir_acroBuilding_Xiaomi22101320I_15-04-2026_exp4,train,3,up,17.528999999999996,15.1485,clean,14.658160703009466,3.3651549844282265,False
eyalyakir_acroBuilding_Xiaomi22101320I_15-04-2026_exp4,train,4,up,15.855999999999995,11.172,clean,10.698664064262873,3.305258049021629,False
eyalyakir_acroBuilding_Xiaomi22101320I_15-04-2026_exp4,train,5,down,19.322000000000003,-15.639999999999995,clean,-20.242120032626485,1.8571372390581538,True
eyalyakir_acroBuilding_Xiaomi22101320I_15-04-2026_exp4,train,6,down,13.269000000000005,-7.82,clean,-7.736831881448574,1.44930484867239,False
eyalyakir_acroBuilding_Xiaomi22101320I_15-04-2026_exp4,train,7,down,13.347999999999956,-7.82,clean,-7.688822157534047,1.3544642547618813,False
eyalyakir_acroBuilding_Xiaomi22101320I_15-04-2026_exp4,train,8,up,25.216000000000008,25.78,clean,27.71411240096049,3.668529749579002,False
eyalyakir_acroBuilding_Xiaomi22101320I_15-04-2026_exp4,train,9,down,25.45400000000018,-31.28,clean,-31.364609941599713,3.0668831747862693,False
eyalyakir_acroBuilding_Xiaomi22101320I_15-04-2026_exp4,train,10,up,21.47199999999998,23.5313,clean,24.219407221590618,2.6326718365666038,False
eyalyakir_acroBuilding_Xiaomi22101320I_15-04-2026_exp4,train,11,down,20.794000000000096,-22.5398,clean,-22.71576303821428,4.568795726716692,False
eyalyakir_beitMansour1_SamsungSM-S911B_15-04-2026_exp5,train,0,up,26.807999999999993,41.73,clean,37.48602998810589,3.719745522361219,False
eyalyakir_beitMansour1_SamsungSM-S911B_15-04-2026_exp5,train,1,down,26.252000000000066,-38.5,clean,-38.29654349451915,3.6544494002189056,True
eyalyakir_beitMansour1_SamsungSM-S911B_15-04-2026_exp5,train,2,up,17.450999999999908,19.25,clean,17.44865883039724,5.060371954064137,False
eyalyakir_beitMansour1_SamsungSM-S911B_15-04-2026_exp5,train,3,up,11.038999999999987,3.8500000000000014,clean,3.84776778063359,0.8608283316805948,False
eyalyakir_beitMansour1_SamsungSM-S911B_15-04-2026_exp5,train,4,down,11.676000000000045,-3.8500000000000014,clean,-3.5153452817358564,0.8088508640654943,False
eyalyakir_beitMansour1_SamsungSM-S911B_15-04-2026_exp5,train,5,down,18.603000000000065,-18.1045,clean,-17.5172929905218,1.8594737716388803,True
eyalyakir_beitMansour1_SamsungSM-S911B_15-04-2026_exp5,train,6,up,12.392000000000053,6.4894,clean,6.293572789687651,1.161793645893728,False
eyalyakir_beitMansour1_SamsungSM-S911B_15-04-2026_exp5,train,7,up,15.817000000000007,11.55,clean,11.448284139109841,2.515774972026659,False
eyalyakir_beitMansour1_SamsungSM-S911B_15-04-2026_exp5,train,8,up,13.188999999999965,7.699999999999996,clean,7.284577128040532,1.7814632172217688,False
eyalyakir_beitMansour1_SamsungSM-S911B_15-04-2026_exp5,train,9,up,19.678999999999974,16.900000000000006,clean,16.1928213557831,3.7406211353658,False
eyalyakir_beitMansour1_SamsungSM-S911B_15-04-2026_exp5,train,10,down,13.267999999999915,-6.200000000000003,clean,-7.283679444970706,1.911500046023925,False
eyalyakir_beitMansour1_SamsungSM-S911B_15-04-2026_exp5,train,11,down,13.540000000000077,-3.8500000000000014,clean,-3.7193764460518546,0.8068736603555609,True
eyalyakir_beitMansour1_SamsungSM-S911B_15-04-2026_exp5,train,12,down,15.270999999999958,-11.549999999999995,clean,-11.244913951455644,1.0622711254312776,True
eyalyakir_beitMansour1_SamsungSM-S911B_15-04-2026_exp5,train,13,up,28.201999999999998,24.6,clean,44.76217987549136,4.7138922959916165,False
eyalyakir_beitMansour1_SamsungSM-S911B_15-04-2026_exp5,train,14,down,27.52500000000009,-43.85,clean,-40.77455948947016,3.898958463141824,False
eyalyakir_beitMansour1_SamsungSM-S911B_15-04-2026_exp5,train,15,down,16.69300000000021,-14.55,clean,-13.030685561788411,1.3576699276058106,True
eyalyakir_beitMansour1_SamsungSM-S911B_15-04-2026_exp5,train,16,up,16.692000000000007,12.9993,clean,12.775416258684308,1.660282426425761,False
eyalyakir_beitMansour1_SamsungSM-S911B_15-04-2026_exp5,train,17,down,20.62900000000002,-20.1042,clean,-19.199236973409043,3.411909533658249,False
eyalyakir_beitMansour1_Xiaomi22101320I_15-04-2026_exp5,train,0,up,26.807999999999993,41.73,clean,39.58132872359097,3.8263828449866306,False
eyalyakir_beitMansour1_Xiaomi22101320I_15-04-2026_exp5,train,1,down,26.252000000000066,-38.5,clean,-40.56054370562767,3.7270874368695717,False
eyalyakir_beitMansour1_Xiaomi22101320I_15-04-2026_exp5,train,2,up,17.450999999999908,19.25,clean,17.747830049436644,4.65944288010515,False
eyalyakir_beitMansour1_Xiaomi22101320I_15-04-2026_exp5,train,3,up,11.038999999999987,3.8500000000000014,clean,3.9714811615128895,0.8630319730143884,False
eyalyakir_beitMansour1_Xiaomi22101320I_15-04-2026_exp5,train,4,down,11.676000000000045,-3.8500000000000014,clean,-4.03953653275656,0.8889237381879933,False
eyalyakir_beitMansour1_Xiaomi22101320I_15-04-2026_exp5,train,5,down,18.603000000000065,-18.1045,clean,-18.063504405905014,1.8585206212597096,True
eyalyakir_beitMansour1_Xiaomi22101320I_15-04-2026_exp5,train,6,up,12.392000000000053,6.4894,clean,6.555922114640305,1.1966113765589421,False
eyalyakir_beitMansour1_Xiaomi22101320I_15-04-2026_exp5,train,7,up,15.817000000000007,11.55,clean,10.88564187201683,1.8179571844845828,False
eyalyakir_beitMansour1_Xiaomi22101320I_15-04-2026_exp5,train,8,up,13.188999999999965,7.699999999999996,clean,7.638755377426272,1.3975907603417437,False
eyalyakir_beitMansour1_Xiaomi22101320I_15-04-2026_exp5,train,9,up,19.678999999999974,16.900000000000006,clean,18.86230779165489,2.5766733224558647,False
eyalyakir_beitMansour1_Xiaomi22101320I_15-04-2026_exp5,train,10,down,13.268000000000029,-6.200000000000003,clean,-8.109263209832784,1.9872943813619728,False
eyalyakir_beitMansour1_Xiaomi22101320I_15-04-2026_exp5,train,11,down,13.540000000000077,-3.8500000000000014,clean,-3.9014517614004753,0.84232808851232,True
eyalyakir_beitMansour1_Xiaomi22101320I_15-04-2026_exp5,train,12,down,15.270999999999958,-11.549999999999995,clean,-11.569885992286045,1.6334902829601554,True
eyalyakir_beitMansour1_Xiaomi22101320I_15-04-2026_exp5,train,13,up,28.201999999999998,24.6,clean,45.55543762024926,4.658002521076677,False
eyalyakir_beitMansour1_Xiaomi22101320I_15-04-2026_exp5,train,14,down,27.524999999999864,-43.85,clean,-43.508795906529876,3.9986255537734743,False
eyalyakir_beitMansour1_Xiaomi22101320I_15-04-2026_exp5,train,15,down,16.69300000000021,-14.55,clean,-13.281212533713706,1.396643044676436,True
eyalyakir_beitMansour1_Xiaomi22101320I_15-04-2026_exp5,train,16,up,16.692000000000007,12.9993,clean,13.345881542040988,1.7502658394264876,False
eyalyakir_beitMansour1_Xiaomi22101320I_15-04-2026_exp5,train,17,down,20.628999999999905,-20.1042,clean,-20.61265044670335,3.19952319946721,False
eyalyakir_beitYitzchakiRaanana_SamsungSM-S911B_15-04-2026_exp6,test,0,up,33.69599999999991,49.0667,clean,48.221878396622905,4.553746529252203,True
eyalyakir_beitYitzchakiRaanana_SamsungSM-S911B_15-04-2026_exp6,test,1,down,12.950000000000045,-7.479999999999997,clean,-7.239881262045651,1.1699143474384412,True
eyalyakir_beitYitzchakiRaanana_SamsungSM-S911B_15-04-2026_exp6,test,2,down,14.980999999999995,-11.2143,clean,-10.85229024351859,1.0683785766218965,True
eyalyakir_beitYitzchakiRaanana_SamsungSM-S911B_15-04-2026_exp6,test,3,down,10.840000000000032,-3.7399999999999984,clean,-3.5420891334966083,0.7930730715749238,True
eyalyakir_beitYitzchakiRaanana_SamsungSM-S911B_15-04-2026_exp6,test,4,down,13.349000000000046,-7.48,clean,-7.3659596507425915,1.1796909989752438,True
eyalyakir_beitYitzchakiRaanana_SamsungSM-S911B_15-04-2026_exp6,test,5,down,10.999000000000024,-3.7399999999999984,clean,-3.5850325862498718,0.7980408818188187,True
eyalyakir_beitYitzchakiRaanana_SamsungSM-S911B_15-04-2026_exp6,test,6,down,14.90300000000002,-10.3703,clean,-10.061869672491708,0.9921551607999486,True
eyalyakir_beitYitzchakiRaanana_SamsungSM-S911B_15-04-2026_exp6,test,7,down,11.995000000000005,-5.3634,clean,-4.9670832593426155,0.967565743850797,True
eyalyakir_beitYitzchakiRaanana_SamsungSM-S911B_15-04-2026_exp6,test,8,up,13.509000000000015,8.1724,clean,7.819372392824637,1.2145799247498181,True
eyalyakir_beitYitzchakiRaanana_SamsungSM-S911B_15-04-2026_exp6,test,9,up,13.349000000000046,7.48,clean,6.982793479138187,1.1614796615808742,True
eyalyakir_beitYitzchakiRaanana_SamsungSM-S911B_15-04-2026_exp6,test,10,up,11.039999999999964,3.7399999999999984,clean,3.594215165761408,0.7999463372703716,True
eyalyakir_beitYitzchakiRaanana_SamsungSM-S911B_15-04-2026_exp6,test,11,up,13.467999999999961,7.48,clean,6.957036621304179,1.1557726581039294,True
eyalyakir_beitYitzchakiRaanana_SamsungSM-S911B_15-04-2026_exp6,test,12,up,15.142000000000053,11.220000000000002,clean,10.917405930076848,1.057951816584802,True
eyalyakir_beitYitzchakiRaanana_SamsungSM-S911B_15-04-2026_exp6,test,13,up,13.588999999999942,7.479999999999997,clean,6.976822522845709,1.1596060884159898,True
eyalyakir_beitYitzchakiRaanana_SamsungSM-S911B_15-04-2026_exp6,test,14,up,10.482999999999947,3.740000000000002,clean,3.981027945207994,0.8418672907984629,True
eyalyakir_beitYitzchakiRaanana_SamsungSM-S911B_15-04-2026_exp6,test,15,down,11.157999999999902,-3.740000000000002,missed,-3.6053929942357854,0.8216966959256937,True
eyalyakir_beitYitzchakiRaanana_SamsungSM-S911B_15-04-2026_exp6,test,16,down,13.627999999999929,-11.22,clean,-10.866429098287918,1.0797851594785668,True
eyalyakir_beitYitzchakiRaanana_SamsungSM-S911B_15-04-2026_exp6,test,17,down,17.05099999999993,-14.96,clean,-14.569880081890842,1.4040581580632951,True
eyalyakir_beitYitzchakiRaanana_SamsungSM-S911B_15-04-2026_exp6,test,18,down,19.399999999999864,-19.7414,clean,-19.741383793561432,2.785701730112515,False
eyalyakir_beitYitzchakiRaanana_SamsungSM-S911B_15-04-2026_exp6,test,19,up,13.267999999999802,7.48,missed,8.76052298224609,2.260617512201185,False
eyalyakir_beitYitzchakiRaanana_SamsungSM-S911B_15-04-2026_exp6,test,20,up,13.229000000000042,7.48,clean,6.881773283587805,1.1488623517817231,True
eyalyakir_beitYitzchakiRaanana_SamsungSM-S911B_15-04-2026_exp6,test,21,up,11.317000000000007,3.7399999999999984,clean,3.7125871365545593,0.8228671081229499,True
eyalyakir_beitYitzchakiRaanana_SamsungSM-S911B_15-04-2026_exp6,test,22,up,18.76200000000017,18.7,clean,17.927426111237256,1.7174258576087282,True
eyalyakir_beitYitzchakiRaanana_SamsungSM-S911B_15-04-2026_exp6,test,23,up,13.189000000000078,7.740000000000002,clean,6.9118546765495745,1.1513096327832077,True
eyalyakir_beitYitzchakiRaanana_SamsungSM-S911B_15-04-2026_exp6,test,24,up,11.077999999999975,3.75,clean,3.621216330743834,0.8079160011066212,True
eyalyakir_beitYitzchakiRaanana_SamsungSM-S911B_15-04-2026_exp6,test,25,down,20.317000000000007,-22.71,clean,-21.80510693716147,2.088486979501457,True
eyalyakir_beitYitzchakiRaanana_SamsungSM-S911B_15-04-2026_exp6,test,26,down,22.785000000000082,-26.18,clean,-25.417894389984035,2.4680925545442154,False
eyalyakir_beitYitzchakiRaanana_SamsungSM-S911B_15-04-2026_exp6,test,27,up,33.414999999999964,48.89,clean,44.38763834036294,4.26623624016622,True
eyalyakir_beitYitzchakiRaanana_SamsungSM-S911B_15-04-2026_exp6,test,28,down,33.77299999999991,-48.89,clean,-53.91746498631966,5.907863272178043,False
eyalyakir_beitYitzchakiRaanana_Xiaomi22101320I_15-04-2026_exp6,test,0,up,33.696000000000026,49.0667,clean,49.729304477019255,4.600668383768652,True
eyalyakir_beitYitzchakiRaanana_Xiaomi22101320I_15-04-2026_exp6,test,1,down,12.949999999999932,-7.479999999999997,clean,-8.0820577833484,1.255373078039978,True
eyalyakir_beitYitzchakiRaanana_Xiaomi22101320I_15-04-2026_exp6,test,2,down,14.980999999999995,-11.2143,clean,-11.262222504971687,1.102442181105291,True
eyalyakir_beitYitzchakiRaanana_Xiaomi22101320I_15-04-2026_exp6,test,3,down,10.840000000000032,-3.7399999999999984,clean,-3.7551399587330896,0.8361137221861725,True
eyalyakir_beitYitzchakiRaanana_Xiaomi22101320I_15-04-2026_exp6,test,4,down,13.348999999999933,-7.48,clean,-7.7821136335502095,1.2429746956702614,True
eyalyakir_beitYitzchakiRaanana_Xiaomi22101320I_15-04-2026_exp6,test,5,down,10.999000000000024,-3.7399999999999984,clean,-3.769587030068449,0.837108181257676,True
eyalyakir_beitYitzchakiRaanana_Xiaomi22101320I_15-04-2026_exp6,test,6,down,14.90300000000002,-10.3703,clean,-10.414606365419786,1.022851184389307,True
eyalyakir_beitYitzchakiRaanana_Xiaomi22101320I_15-04-2026_exp6,test,7,down,11.995000000000005,-5.3634,clean,-5.583344320359461,1.0360647091944903,True
eyalyakir_beitYitzchakiRaanana_Xiaomi22101320I_15-04-2026_exp6,test,8,up,13.509000000000015,8.1724,clean,8.165188818146316,1.2684743068287976,True
eyalyakir_beitYitzchakiRaanana_Xiaomi22101320I_15-04-2026_exp6,test,9,up,13.349000000000046,7.48,clean,7.811231206569806,1.245725726533254,True
eyalyakir_beitYitzchakiRaanana_Xiaomi22101320I_15-04-2026_exp6,test,10,up,11.039999999999964,3.7399999999999984,clean,3.7808668429533245,0.8403942130446044,True
eyalyakir_beitYitzchakiRaanana_Xiaomi22101320I_15-04-2026_exp6,test,11,up,13.468000000000075,7.48,clean,7.742232648094885,1.236709423992821,True
eyalyakir_beitYitzchakiRaanana_Xiaomi22101320I_15-04-2026_exp6,test,12,up,15.142000000000053,11.220000000000002,clean,11.314664475573348,1.0814021678346897,True
eyalyakir_beitYitzchakiRaanana_Xiaomi22101320I_15-04-2026_exp6,test,13,up,13.588999999999942,7.479999999999997,clean,7.710233546947372,1.2397991621354458,True
eyalyakir_beitYitzchakiRaanana_Xiaomi22101320I_15-04-2026_exp6,test,14,up,10.482999999999947,3.740000000000002,clean,4.210739879443184,0.8888808779548057,True
eyalyakir_beitYitzchakiRaanana_Xiaomi22101320I_15-04-2026_exp6,test,15,down,11.15800000000013,-3.740000000000002,missed,-3.7289257911369784,0.8595067775299151,True
eyalyakir_beitYitzchakiRaanana_Xiaomi22101320I_15-04-2026_exp6,test,16,down,13.628000000000156,-11.22,clean,-11.194178320268305,1.1000354390934486,True
eyalyakir_beitYitzchakiRaanana_Xiaomi22101320I_15-04-2026_exp6,test,17,down,17.05099999999993,-14.96,clean,-15.220732295931134,1.4460955145395815,True
eyalyakir_beitYitzchakiRaanana_Xiaomi22101320I_15-04-2026_exp6,test,18,down,19.399999999999864,-19.7414,clean,-20.378432364724205,3.002615527053621,False
eyalyakir_beitYitzchakiRaanana_Xiaomi22101320I_15-04-2026_exp6,test,19,up,13.268000000000029,7.48,missed,-1.0515214668041681,0.8678397622343261,True
eyalyakir_beitYitzchakiRaanana_Xiaomi22101320I_15-04-2026_exp6,test,20,up,13.229000000000042,7.48,missed,,inf,False
eyalyakir_beitYitzchakiRaanana_Xiaomi22101320I_15-04-2026_exp6,test,21,up,11.317000000000007,3.7399999999999984,missed,,inf,False
eyalyakir_beitYitzchakiRaanana_Xiaomi22101320I_15-04-2026_exp6,test,22,up,18.761999999999944,18.7,missed,,inf,False
eyalyakir_beitYitzchakiRaanana_Xiaomi22101320I_15-04-2026_exp6,test,23,up,13.189000000000078,7.740000000000002,clean,7.568672942194283,1.355426981126464,True
eyalyakir_beitYitzchakiRaanana_Xiaomi22101320I_15-04-2026_exp6,test,24,up,11.077999999999975,3.75,missed,,inf,False
eyalyakir_beitYitzchakiRaanana_Xiaomi22101320I_15-04-2026_exp6,test,25,down,20.317000000000007,-22.71,missed,,inf,False
eyalyakir_beitYitzchakiRaanana_Xiaomi22101320I_15-04-2026_exp6,test,26,down,22.784999999999854,-26.18,missed,,inf,False
eyalyakir_beitYitzchakiRaanana_Xiaomi22101320I_15-04-2026_exp6,test,27,up,33.414999999999964,48.89,missed,,inf,False
eyalyakir_beitYitzchakiRaanana_Xiaomi22101320I_15-04-2026_exp6,test,28,down,33.77300000000014,-48.89,missed,,inf,False
eyalyakir_milleniumHotel_SamsungSM-A235F_15-04-2026_exp1,train,0,down,11.357999999999947,-3.674999999999997,missed,-3.6291657684782153,0.8694743512053082,False
eyalyakir_milleniumHotel_SamsungSM-A235F_15-04-2026_exp1,train,1,down,10.642000000000053,-3.324999999999996,missed,-3.3892857245586256,0.7930730715749238,False
eyalyakir_milleniumHotel_SamsungSM-A235F_15-04-2026_exp1,train,2,down,12.871999999999844,-6.649999999999999,missed,-6.727810432688583,0.8075455359626247,True
eyalyakir_milleniumHotel_SamsungSM-A235F_15-04-2026_exp1,train,3,down,16.614000000000033,-13.3226,missed,-13.370560866518895,1.5118021820073897,True
eyalyakir_milleniumHotel_SamsungSM-A235F_15-04-2026_exp1,train,4,down,10.720000000000027,-3.324999999999996,missed,-3.428648131971904,0.7930730715749238,True
eyalyakir_milleniumHotel_SamsungSM-A235F_15-04-2026_exp1,train,5,down,12.234000000000151,-5.600000000000001,missed,-5.679491757252926,1.0637954416031523,True
eyalyakir_milleniumHotel_SamsungSM-A235F_15-04-2026_exp1,train,6,down,15.498000000000047,-12.5073,missed,-11.324253842673297,3.07994661719888,False
eyalyakir_milleniumHotel_SamsungSM-A235F_15-04-2026_exp1,train,7,up,33.38599999999997,40.95,missed,32.07879867288163,4.232770948860704,True
eyalyakir_milleniumHotel_SamsungSM-A235F_15-04-2026_exp1,train,8,up,15.773999999999887,13.299999999999995,missed,13.433205529767875,1.6662677776263766,True
eyalyakir_milleniumHotel_SamsungSM-A235F_15-04-2026_exp1,train,9,up,15.909000000000106,10.050000000000011,missed,10.411466029316054,1.299873902827014,True
eyalyakir_milleniumHotel_SamsungSM-S911B_15-04-2026_exp1,train,0,down,11.358000000000061,-3.674999999999997,missed,-3.4904574205320067,0.7930730715749238,True
eyalyakir_milleniumHotel_SamsungSM-S911B_15-04-2026_exp1,train,1,down,10.641999999999939,-3.324999999999996,missed,-3.2362424601865816,0.7930730715749238,True
eyalyakir_milleniumHotel_SamsungSM-S911B_15-04-2026_exp1,train,2,down,12.872000000000071,-6.649999999999999,missed,-6.54110582545624,0.7930730715749238,True
eyalyakir_milleniumHotel_SamsungSM-S911B_15-04-2026_exp1,train,3,down,16.614000000000033,-13.3226,missed,-12.93071649686085,1.4646934313647513,True
eyalyakir_milleniumHotel_SamsungSM-S911B_15-04-2026_exp1,train,4,down,10.720000000000027,-3.324999999999996,missed,-3.27666364784235,0.7930730715749238,True
eyalyakir_milleniumHotel_SamsungSM-S911B_15-04-2026_exp1,train,5,down,12.233999999999924,-5.600000000000001,missed,-5.427221148304679,1.0213529942641202,True
eyalyakir_milleniumHotel_SamsungSM-S911B_15-04-2026_exp1,train,6,down,15.498000000000047,-12.5073,missed,-13.210470513511362,4.707667873794061,False
eyalyakir_milleniumHotel_SamsungSM-S911B_15-04-2026_exp1,train,7,up,33.38599999999997,40.95,clean,39.999454683658044,5.0802579834376385,False
eyalyakir_milleniumHotel_SamsungSM-S911B_15-04-2026_exp1,train,8,up,15.773999999999887,13.299999999999995,clean,13.34569960077054,1.7319041534611814,True
eyalyakir_milleniumHotel_SamsungSM-S911B_15-04-2026_exp1,train,9,up,15.909000000000106,10.050000000000011,clean,10.365684552257395,1.3106166422773404,True
eyalyakir_milleniumHotel_SamsungSM-S911B_15-04-2026_exp2,train,0,down,12.871999999999957,-6.999999999999993,clean,-6.760244185552548,0.8338113871586857,True
eyalyakir_milleniumHotel_SamsungSM-S911B_15-04-2026_exp2,train,1,down,25.29600000000005,-28.875,clean,-27.990323525972283,3.0991577723979713,True
eyalyakir_milleniumHotel_SamsungSM-S911B_15-04-2026_exp2,train,2,down,16.05600000000004,-11.55,clean,-11.314038947010769,1.275771935923341,True
eyalyakir_milleniumHotel_SamsungSM-S911B_15-04-2026_exp2,train,3,down,18.644999999999982,-16.8,clean,-16.474736385963833,1.9218981758558649,True
eyalyakir_milleniumHotel_SamsungSM-S911B_15-04-2026_exp2,train,4,up,18.839000000000055,12.6,clean,12.259882464454602,1.4037800827905693,True
eyalyakir_milleniumHotel_SamsungSM-S911B_15-04-2026_exp2,train,5,up,12.108999999999924,4.200000000000001,clean,3.6581803129921333,0.8084812139989568,True
eyalyakir_milleniumHotel_SamsungSM-S911B_15-04-2026_exp2,train,6,up,12.75,6.199999999999999,clean,5.797845448626861,1.045119266463643,True
eyalyakir_milleniumHotel_SamsungSM-S911B_15-04-2026_exp2,train,7,up,13.388000000000034,5.350000000000001,clean,5.0240801790630325,0.9766136436198264,True
eyalyakir_milleniumHotel_SamsungSM-S911B_15-04-2026_exp2,train,8,up,15.012000000000057,8.924999999999997,clean,8.735441979216178,1.0397558502622255,True
eyalyakir_milleniumHotel_SamsungSM-S911B_15-04-2026_exp2,train,9,up,13.321000000000026,3.325000000000003,clean,3.184407170025817,0.7930730715749238,True
eyalyakir_milleniumHotel_SamsungSM-S911B_15-04-2026_exp2,train,10,up,18.908999999999992,9.975,clean,10.025628622039179,1.1608414778577085,True
eyalyakir_milleniumHotel_SamsungSM-S911B_15-04-2026_exp2,train,11,down,32.54000000000008,-41.125,clean,-36.15671773978668,4.172580073279826,False
eyalyakir_milleniumHotel_SamsungSM-S911B_15-04-2026_exp2,train,12,up,16.136999999999944,5.428,clean,5.25703680004561,0.7930730715749238,True
eyalyakir_milleniumHotel_SamsungSM-S911B_15-04-2026_exp2,train,13,up,29.795000000000073,34.65,clean,35.09229249452443,4.4239416254659085,True
eyalyakir_milleniumHotel_SamsungSM-S911B_15-04-2026_exp2,train,14,down,32.940000000000055,-40.95,clean,-40.74684704072477,5.134621461982841,True
eyalyakir_milleniumHotel_SamsungSM-S911B_15-04-2026_exp2,train,15,up,12.273999999999887,6.3,clean,5.204245258861293,0.7930730715749238,True
eyalyakir_milleniumHotel_SamsungSM-S911B_15-04-2026_exp2,train,16,down,12.07400000000007,-6.3,clean,-5.130265397391908,0.7930730715749238,True
eyalyakir_milleniumHotel_SamsungSM-S911B_15-04-2026_exp2,train,17,up,12.113000000000056,6.3,clean,5.2518997932495575,0.7930730715749238,True
eyalyakir_milleniumHotel_SamsungSM-S911B_15-04-2026_exp2,train,18,up,17.674999999999955,12.287,clean,11.957660746109651,1.5633271977437373,True
eyalyakir_milleniumHotel_SamsungSM-S911B_15-04-2026_exp2,train,19,up,13.53300000000013,10.950000000000005,clean,9.720363547265206,1.25463291486999,True
eyalyakir_milleniumHotel_SamsungSM-S911B_15-04-2026_exp2,train,20,up,12.32100000000014,3.324999999999996,clean,3.443689280613223,0.857932637734384,True
eyalyakir_milleniumHotel_SamsungSM-S911B_15-04-2026_exp2,train,21,down,11.486000000000104,-3.324999999999996,clean,-3.3112884563555087,0.8414396564356601,True
eyalyakir_milleniumHotel_SamsungSM-S911B_15-04-2026_exp2,train,22,down,12.154999999999973,-5.600000000000001,clean,-5.123315892377814,0.7930730715749238,True
eyalyakir_milleniumHotel_SamsungSM-S911B_15-04-2026_exp2,train,23,down,21.712999999999965,-22.05,clean,-22.939658513679714,2.9791153477541568,False
eyalyakir_milleniumHotel_SamsungSM-S911B_15-04-2026_exp2,train,24,up,16.491999999999962,13.3,clean,12.928980331509877,1.455165643353435,True
eyalyakir_milleniumHotel_SamsungSM-S911B_15-04-2026_exp2,train,25,up,12.685999999999922,3.3999999999999986,clean,3.332863308024927,0.8254767881050256,True
eyalyakir_milleniumHotel_SamsungSM-S911B_15-04-2026_exp2,train,26,up,17.549999999999955,5.350000000000001,clean,6.482122666698543,0.8363737841299205,True
eyalyakir_milleniumHotel_SamsungSM-S911B_15-04-2026_exp2,train,27,down,13.320999999999913,-3.1889,clean,-3.02393026299409,0.7930730715749238,True
eyalyakir_milleniumHotel_SamsungSM-S911B_15-04-2026_exp2,train,28,down,14.377999999999929,-6.199999999999999,clean,-6.473537390566881,0.8604263166569807,True
eyalyakir_milleniumHotel_SamsungSM-S911B_15-04-2026_exp2,train,29,down,19.451999999999998,-16.8,clean,-16.248097289657537,2.135189202483815,True
eyalyakir_milleniumHotel_SamsungSM-S911B_15-04-2026_exp2,train,30,down,18.396000000000186,-5.5728,clean,-5.353182714211111,0.7930730715749238,True
eyalyakir_milleniumHotel_Xiaomi22101320I_15-04-2026_exp2,train,0,down,12.871999999999957,-6.999999999999993,clean,-7.044458083417054,0.8495199521826879,True
eyalyakir_milleniumHotel_Xiaomi22101320I_15-04-2026_exp2,train,1,down,25.29600000000005,-28.875,clean,-29.080903285960012,3.2194213514923544,True
eyalyakir_milleniumHotel_Xiaomi22101320I_15-04-2026_exp2,train,2,down,16.05600000000004,-11.55,clean,-11.699864381488263,1.2983711522190748,True
eyalyakir_milleniumHotel_Xiaomi22101320I_15-04-2026_exp2,train,3,down,18.644999999999982,-16.8,clean,-17.156395911273133,1.948270039699512,True
eyalyakir_milleniumHotel_Xiaomi22101320I_15-04-2026_exp2,train,4,up,18.838999999999942,12.6,clean,12.754326768599826,1.4493862806061446,True
eyalyakir_milleniumHotel_Xiaomi22101320I_15-04-2026_exp2,train,5,up,12.108999999999924,4.200000000000001,clean,4.179693744833742,0.8772695534302887,True
eyalyakir_milleniumHotel_Xiaomi22101320I_15-04-2026_exp2,train,6,up,12.75,6.199999999999999,clean,6.53094220440212,1.1306304365030186,True
eyalyakir_milleniumHotel_Xiaomi22101320I_15-04-2026_exp2,train,7,up,13.38799999999992,5.350000000000001,clean,5.293054114787977,1.0246769879738953,True
eyalyakir_milleniumHotel_Xiaomi22101320I_15-04-2026_exp2,train,8,up,15.012000000000057,8.924999999999997,clean,9.119292278887778,1.0461843432701932,True
eyalyakir_milleniumHotel_Xiaomi22101320I_15-04-2026_exp2,train,9,up,13.321000000000026,3.325000000000003,clean,3.3012858067311464,0.7930730715749238,True
eyalyakir_milleniumHotel_Xiaomi22101320I_15-04-2026_exp2,train,10,up,18.908999999999992,9.975,clean,10.294009941685019,1.1725793642369615,True
eyalyakir_milleniumHotel_Xiaomi22101320I_15-04-2026_exp2,train,11,down,32.539999999999964,-41.125,clean,-36.108631145062965,4.1764387452781255,False
eyalyakir_milleniumHotel_Xiaomi22101320I_15-04-2026_exp2,train,12,up,16.136999999999944,5.428,clean,5.560459061978269,1.1074225094447323,True
eyalyakir_milleniumHotel_Xiaomi22101320I_15-04-2026_exp2,train,13,up,29.795000000000073,34.65,clean,35.956942536169905,4.53595214651443,True
eyalyakir_milleniumHotel_Xiaomi22101320I_15-04-2026_exp2,train,14,down,32.940000000000055,-40.95,clean,-41.06368329360659,5.175765780706727,True
eyalyakir_milleniumHotel_Xiaomi22101320I_15-04-2026_exp2,train,15,up,12.273999999999887,6.3,clean,5.427485028942213,0.7930730715749238,True
eyalyakir_milleniumHotel_Xiaomi22101320I_15-04-2026_exp2,train,16,down,12.07400000000007,-6.3,clean,-5.384083821841971,0.7930730715749238,True
eyalyakir_milleniumHotel_Xiaomi22101320I_15-04-2026_exp2,train,17,up,12.112999999999829,6.3,clean,5.464266303958135,0.7930730715749238,True
eyalyakir_milleniumHotel_Xiaomi22101320I_15-04-2026_exp2,train,18,up,17.674999999999955,12.287,clean,12.438813367267926,1.5801179196768274,True
eyalyakir_milleniumHotel_Xiaomi22101320I_15-04-2026_exp2,train,19,up,13.532999999999902,10.950000000000005,clean,10.128811069537516,1.298676213217521,True
eyalyakir_milleniumHotel_Xiaomi22101320I_15-04-2026_exp2,train,20,up,12.320999999999913,3.324999999999996,clean,3.577828135316821,0.892152594046689,True
eyalyakir_milleniumHotel_Xiaomi22101320I_15-04-2026_exp2,train,21,down,11.485999999999876,-3.324999999999996,clean,-3.802871919463618,0.90691461994947,True
eyalyakir_milleniumHotel_Xiaomi22101320I_15-04-2026_exp2,train,22,down,12.154999999999973,-5.600000000000001,clean,-5.3788498811298355,0.7930730715749238,True
eyalyakir_milleniumHotel_Xiaomi22101320I_15-04-2026_exp2,train,23,down,21.712999999999965,-22.05,clean,-23.47126400073498,3.070039138612426,False
eyalyakir_milleniumHotel_Xiaomi22101320I_15-04-2026_exp2,train,24,up,16.491999999999962,13.3,clean,13.35824349976112,1.47741831750768,True
eyalyakir_milleniumHotel_Xiaomi22101320I_15-04-2026_exp2,train,25,up,12.685999999999922,3.3999999999999986,clean,3.474558407434181,0.8607280527110744,True
eyalyakir_milleniumHotel_Xiaomi22101320I_15-04-2026_exp2,train,26,up,17.550000000000182,5.350000000000001,clean,6.667926830617916,0.8616997073760141,True
eyalyakir_milleniumHotel_Xiaomi22101320I_15-04-2026_exp2,train,27,down,13.32100000000014,-3.1889,clean,-3.162746939036066,0.8239803511665812,True
eyalyakir_milleniumHotel_Xiaomi22101320I_15-04-2026_exp2,train,28,down,14.378000000000156,-6.199999999999999,clean,-6.692907655082487,0.8715577008149274,True
eyalyakir_milleniumHotel_Xiaomi22101320I_15-04-2026_exp2,train,29,down,19.451999999999998,-16.8,clean,-16.706441320201822,2.1187638982001684,True
eyalyakir_milleniumHotel_Xiaomi22101320I_15-04-2026_exp2,train,30,down,18.395999999999958,-5.5728,clean,-5.628619388420927,0.7930730715749238,True
eyalyakir_milleniumOutside_SamsungSM-S911B_15-04-2026_exp3,train,0,up,16.335,12.777444193725271,clean,12.209679840524068,1.454621811719242,True
eyalyakir_milleniumOutside_SamsungSM-S911B_15-04-2026_exp3,train,1,down,10.838999999999999,-3.412756191847677,clean,-2.991712453193237,0.7930730715749238,True
eyalyakir_milleniumOutside_SamsungSM-S911B_15-04-2026_exp3,train,2,up,11.039000000000001,3.428123033694717,clean,3.0098944914465005,0.7930730715749238,True
eyalyakir_milleniumOutside_SamsungSM-S911B_15-04-2026_exp3,train,3,up,11.198000000000008,4.182211224990411,clean,4.068013170650647,0.8639863479206735,True
eyalyakir_milleniumOutside_SamsungSM-S911B_15-04-2026_exp3,train,4,up,12.671999999999997,6.231132201261616,clean,6.057416158123163,0.7930730715749238,True
eyalyakir_milleniumOutside_SamsungSM-S911B_15-04-2026_exp3,train,5,down,12.512999999999977,-6.346494271686126,clean,-6.0909153251096075,0.7930730715749238,True
eyalyakir_milleniumOutside_SamsungSM-S911B_15-04-2026_exp3,train,6,down,15.617999999999995,-10.911797942609724,clean,-10.352715922357797,1.2249815075523804,True
eyalyakir_milleniumOutside_SamsungSM-S911B_15-04-2026_exp3,train,7,down,12.272999999999996,-6.21694641445859,clean,-5.920836325433591,0.7930730715749238,True
eyalyakir_milleniumOutside_SamsungSM-S911B_15-04-2026_exp3,train,8,up,22.745000000000005,23.36346424783879,clean,22.15662567355486,2.6291143390393117,True
eyalyakir_milleniumOutside_SamsungSM-S911B_15-04-2026_exp3,train,9,down,12.711999999999989,-6.25158268561222,clean,-6.058312941102843,0.7930730715749238,True
eyalyakir_milleniumOutside_SamsungSM-S911B_15-04-2026_exp3,train,10,down,15.460000000000036,-10.895782813511346,clean,-10.35765888305813,1.2298237396617993,True
eyalyakir_milleniumOutside_SamsungSM-S911B_15-04-2026_exp3,train,11,down,12.711999999999989,-6.17184394354895,clean,-5.895199437027089,0.7930730715749238,True
eyalyakir_milleniumOutside_Xiaomi22101320I_15-04-2026_exp3,train,0,up,16.334999999999994,12.777444193725271,clean,12.566397781046804,1.474001500937033,True
eyalyakir_milleniumOutside_Xiaomi22101320I_15-04-2026_exp3,train,1,down,10.838999999999999,-3.412756191847677,clean,-3.4335261653091265,0.7930730715749238,True
eyalyakir_milleniumOutside_Xiaomi22101320I_15-04-2026_exp3,train,2,up,11.039000000000001,3.428123033694717,clean,3.4492311614070945,0.7930730715749238,True
eyalyakir_milleniumOutside_Xiaomi22101320I_15-04-2026_exp3,train,3,up,11.197999999999993,4.182211224990411,clean,4.277219146830617,0.9040038045852531,True
eyalyakir_milleniumOutside_Xiaomi22101320I_15-04-2026_exp3,train,4,up,12.671999999999997,6.231132201261616,clean,6.267265469385988,0.7930730715749238,True
eyalyakir_milleniumOutside_Xiaomi22101320I_15-04-2026_exp3,train,5,down,12.513000000000005,-6.346494271686126,clean,-6.256761423727702,0.7930730715749238,True
eyalyakir_milleniumOutside_Xiaomi22101320I_15-04-2026_exp3,train,6,down,15.617999999999995,-10.911797942609724,clean,-10.695970588432115,1.2672818897671778,True
eyalyakir_milleniumOutside_Xiaomi22101320I_15-04-2026_exp3,train,7,down,12.272999999999996,-6.21694641445859,clean,-6.056817510862112,0.7930730715749238,True
eyalyakir_milleniumOutside_Xiaomi22101320I_15-04-2026_exp3,train,8,up,22.745000000000005,23.36346424783879,clean,23.088750304427673,2.6793451009878235,True
eyalyakir_milleniumOutside_Xiaomi22101320I_15-04-2026_exp3,train,9,down,12.711999999999989,-6.25158268561222,clean,-6.29872424265477,0.7930730715749238,True
eyalyakir_milleniumOutside_Xiaomi22101320I_15-04-2026_exp3,train,10,down,15.45999999999998,-10.895782813511346,clean,-10.69524383088967,1.2691457402322999,True
eyalyakir_milleniumOutside_Xiaomi22101320I_15-04-2026_exp3,train,11,down,12.711999999999989,-6.17184394354895,clean,-6.084585935577718,0.7930730715749238,True
RoyTurgeman_Haari3_SamsungGalaxyZFlip6_10-4-2026,train,0,up,13.583999999999996,6.0,missed,7.6838240282073205,3.0738816552392954,False
RoyTurgeman_Haari3_SamsungGalaxyZFlip6_10-4-2026,train,1,up,13.712000000000003,6.0,clean,6.357540743244329,1.0036148952957042,True
RoyTurgeman_Haari3_SamsungGalaxyZFlip6_10-4-2026,train,2,up,14.159999999999997,6.0,clean,6.489011742208105,1.0481068470226318,True
RoyTurgeman_Haari3_SamsungGalaxyZFlip6_10-4-2026,train,3,down,10.831999999999994,-3.0,clean,-3.08762152131977,0.7930730715749238,True
RoyTurgeman_Haari3_SamsungGalaxyZFlip6_10-4-2026,train,4,down,14.159999999999997,-6.0,clean,-6.1415529945775535,0.8590938598657117,True
RoyTurgeman_Haari3_SamsungGalaxyZFlip6_10-4-2026,train,5,down,13.903999999999996,-6.0,clean,-5.837236562200999,0.7930730715749238,True
RoyTurgeman_Haari3_SamsungGalaxyZFlip6_10-4-2026,train,6,down,10.512,-3.0,clean,-2.6552358852890263,0.7930730715749238,True
RoyTurgeman_Haari3_SamsungGalaxyZFlip6_10-4-2026,train,7,up,26.192000000000007,18.0,clean,20.673407225055087,2.3800581714552376,True
RoyTurgeman_Haari3_SamsungGalaxyZFlip6_10-4-2026,train,8,down,10.95999999999998,-3.0,clean,-3.008054744496331,0.7930730715749238,True
RoyTurgeman_Haari3_SamsungGalaxyZFlip6_10-4-2026,train,9,down,11.087999999999965,-3.0,clean,-3.0774178119450286,0.7930730715749238,True
RoyTurgeman_Haari3_SamsungGalaxyZFlip6_10-4-2026,train,10,down,10.768000000000029,-3.0,clean,-2.736654718972173,0.7930730715749238,True
RoyTurgeman_Haari3_SamsungGalaxyZFlip6_10-4-2026,train,11,down,10.704000000000008,-3.0,clean,-2.7502645898149862,0.7930730715749238,True
RoyTurgeman_Haari3_SamsungGalaxyZFlip6_10-4-2026,train,12,down,10.896000000000015,-3.0,clean,-2.9813569883539706,0.7930730715749238,True
RoyTurgeman_Haari3_SamsungGalaxyZFlip6_10-4-2026,train,13,down,10.576000000000022,-3.0,clean,-2.6279744258145215,0.7930730715749238,True
RoyTurgeman_Haari3_SamsungGalaxyZFlip6_10-4-2026,train,14,up,10.384000000000015,3.0,clean,2.594713063416815,0.7930730715749238,True
RoyTurgeman_Haari3_SamsungGalaxyZFlip6_10-4-2026,train,15,up,10.896000000000015,3.0,clean,2.7596249804731596,0.7930730715749238,True
RoyTurgeman_Haari3_SamsungGalaxyZFlip6_10-4-2026,train,16,up,10.767999999999972,3.0,clean,2.6773086261455656,0.7930730715749238,True
RoyTurgeman_Haari3_SamsungGalaxyZFlip6_10-4-2026,train,17,up,10.895999999999958,3.0,clean,3.0008518257867745,0.7930730715749238,True
RoyTurgeman_Haari3_SamsungGalaxyZFlip6_10-4-2026,train,18,up,11.087999999999965,3.0,clean,3.0840806654458692,0.7930730715749238,True
RoyTurgeman_Haari3_SamsungGalaxyZFlip6_10-4-2026,train,19,up,11.152000000000044,3.0,clean,3.095267273505845,0.7930730715749238,True
RoyTurgeman_Haari3_SamsungGalaxyZFlip6_10-4-2026,train,20,down,25.871999999999957,-18.0,clean,-17.70495007257236,1.971345486381495,True
RoyTurgeman_Haari3_SamsungGalaxyZFlip6_10-4-2026,train,21,up,10.384000000000015,3.0,clean,2.646610912700648,0.7930730715749238,True
RoyTurgeman_Haari3_SamsungGalaxyZFlip6_10-4-2026,train,22,up,10.767999999999915,3.0,clean,3.04663224034102,0.7930730715749238,True
RoyTurgeman_Haari3_SamsungGalaxyZFlip6_10-4-2026,train,23,up,10.768000000000029,3.0,clean,3.0464948201458704,1.0977655580049361,False
RoyTurgeman_Haari3_SamsungGalaxyZFlip6_10-4-2026,train,24,up,11.08800000000008,6.0,clean,-10.268997792299283,7.073432973137406,False
RoyTurgeman_Haari3_SamsungGalaxyZFlip6_10-4-2026,train,25,up,10.896000000000072,3.0,clean,3.072092853350206,0.7930730715749238,True
RoyTurgeman_Haari3_SamsungGalaxyZFlip6_10-4-2026,train,26,up,11.024000000000115,2.5,missed,3.047026078773965,1.3766591222648568,False
RoyTurgeman_Haari3_SamsungGalaxyZFlip6_10-4-2026,train,27,down,11.152000000000044,-2.5,clean,-2.9361833638404495,0.7930730715749238,True
RoyTurgeman_Haari3_SamsungGalaxyZFlip6_10-4-2026,train,28,down,10.767999999999802,-3.0,missed,-0.9901723746496858,3.9207509638849647,False
RoyTurgeman_Haari3_SamsungGalaxyZFlip6_10-4-2026,train,29,down,11.024000000000115,-3.0,clean,-3.053473216413341,2.245105422160819,False
RoyTurgeman_Haari3_SamsungGalaxyZFlip6_10-4-2026,train,30,down,10.960000000000036,-3.0,missed,-8.920678406020185,3.8523256763446008,False
RoyTurgeman_Haari3_SamsungGalaxyZFlip6_10-4-2026,train,31,down,11.023999999999887,-3.0,clean,-3.1309683694762174,1.0727120823080807,False
RoyTurgeman_Haari3_SamsungGalaxyZFlip6_10-4-2026,train,32,down,10.768000000000029,-3.0,missed,-5.505581081820914,2.5399888304861835,False
RoyTurgeman_Haari3_SamsungGalaxyZFlip6_10-4-2026,train,33,up,22.864000000000033,15.0,missed,16.06029686593752,2.6927360426880065,True
RoyTurgeman_Haari3_SamsungGalaxyZFlip6_10-4-2026,train,34,down,20.17600000000016,-12.0,clean,-12.323650115200333,2.3048893359667564,True
RoyTurgeman_Haari3_SamsungGalaxyZFlip6_10-4-2026,train,35,up,17.039999999999964,9.0,clean,9.290712415258158,1.2108875128978258,True
RoyTurgeman_Haari3_SamsungGalaxyZFlip6_10-4-2026,train,36,up,14.22400000000016,5.5,clean,6.3566452743451265,0.9012870088108036,True
RoyTurgeman_Haari3_SamsungGalaxyZFlip6_10-4-2026,train,37,down,26.76800000000003,-11.5,gt_split,-8.443650647074577,2.3702683034624643,False
RoyTurgeman_Haari3_SamsungGalaxyZFlip6_10-4-2026,train,38,down,13.00799999999981,-9.0,clean,-6.5406545820421425,6.91088996479984,False
UriyaCohenEliya_acroBuilding_GooglePixel10_15-04-2026_exp4,train,0,up,23.46199999999999,27.0788,clean,27.07400789260475,3.296406655380162,False
UriyaCohenEliya_acroBuilding_GooglePixel10_15-04-2026_exp4,train,1,down,17.25,-15.639999999999995,clean,-15.016105706845865,2.579349747091678,False
UriyaCohenEliya_acroBuilding_GooglePixel10_15-04-2026_exp4,train,2,down,10.95799999999997,-3.7073,clean,-3.5248355509555265,0.7930730715749238,False
UriyaCohenEliya_acroBuilding_GooglePixel10_15-04-2026_exp4,train,3,up,17.528999999999996,15.1485,clean,16.170912614289108,3.3179927644115375,False
UriyaCohenEliya_acroBuilding_GooglePixel10_15-04-2026_exp4,train,4,up,15.855999999999995,11.172,clean,12.18285969828568,2.0195118226736275,False
UriyaCohenEliya_acroBuilding_GooglePixel10_15-04-2026_exp4,train,5,down,19.322000000000003,-15.639999999999995,clean,-19.577281551131083,2.798197026141341,False
UriyaCohenEliya_acroBuilding_GooglePixel10_15-04-2026_exp4,train,6,down,13.269000000000005,-7.82,clean,-7.608781835296067,1.4571171916416648,False
UriyaCohenEliya_acroBuilding_GooglePixel10_15-04-2026_exp4,train,7,down,13.347999999999956,-7.82,clean,-7.642656464039145,1.2663048109078925,True
UriyaCohenEliya_acroBuilding_GooglePixel10_15-04-2026_exp4,train,8,up,25.216000000000008,25.78,clean,32.1757373015936,3.8486843507776203,False
UriyaCohenEliya_acroBuilding_GooglePixel10_15-04-2026_exp4,train,9,down,25.45400000000018,-31.28,clean,-29.876155906945336,3.7943644592574985,False
UriyaCohenEliya_acroBuilding_GooglePixel10_15-04-2026_exp4,train,10,up,21.47199999999998,23.5313,clean,22.843176251507685,2.600340915439866,False
UriyaCohenEliya_acroBuilding_GooglePixel10_15-04-2026_exp4,train,11,down,20.794000000000096,-22.5398,clean,-22.539844333945194,2.176969613157697,False
UriyaCohenEliya_acroBuilding_SamsungSM-A235F_15-04-2026_exp4,train,0,up,23.46199999999999,27.0788,clean,26.307375711950446,2.822051971224751,False
UriyaCohenEliya_acroBuilding_SamsungSM-A235F_15-04-2026_exp4,train,1,down,17.25,-15.639999999999995,clean,-14.957815582937393,2.227386189599922,False
UriyaCohenEliya_acroBuilding_SamsungSM-A235F_15-04-2026_exp4,train,2,down,10.95799999999997,-3.7073,clean,-3.865303629894171,0.7930730715749238,True
UriyaCohenEliya_acroBuilding_SamsungSM-A235F_15-04-2026_exp4,train,3,up,17.528999999999996,15.1485,clean,15.638933315311771,1.985777763456267,False
UriyaCohenEliya_acroBuilding_SamsungSM-A235F_15-04-2026_exp4,train,4,up,15.855999999999995,11.172,clean,11.172039295953544,2.22079329735403,False
UriyaCohenEliya_acroBuilding_SamsungSM-A235F_15-04-2026_exp4,train,5,down,19.322000000000003,-15.639999999999995,clean,-19.83428675137943,2.483998984692336,False
UriyaCohenEliya_acroBuilding_SamsungSM-A235F_15-04-2026_exp4,train,6,down,13.269000000000005,-7.82,clean,-7.7278394531892,1.4649815676559126,False
UriyaCohenEliya_acroBuilding_SamsungSM-A235F_15-04-2026_exp4,train,7,down,13.347999999999956,-7.82,clean,-7.72982590947517,1.313880636211798,False
UriyaCohenEliya_acroBuilding_SamsungSM-A235F_15-04-2026_exp4,train,8,up,25.216000000000008,25.78,clean,32.63152128559372,3.598529622303528,False
UriyaCohenEliya_acroBuilding_SamsungSM-A235F_15-04-2026_exp4,train,9,down,25.45399999999995,-31.28,clean,-30.266181152281607,3.416051224064457,False
UriyaCohenEliya_acroBuilding_SamsungSM-A235F_15-04-2026_exp4,train,10,up,21.47199999999998,23.5313,clean,24.307648937967716,2.800500653854759,False
UriyaCohenEliya_acroBuilding_SamsungSM-A235F_15-04-2026_exp4,train,11,down,20.79399999999987,-22.5398,clean,-21.44987803220319,2.752546088031799,True
UriyaCohenEliya_BarIlan2Herzelia_Pixel10_24-3-2026,train,0,up,19.441999999999993,15.8,missed,7.675638102262011,2.162122366641084,False
UriyaCohenEliya_BarIlan2Herzelia_Pixel10_24-3-2026,train,1,up,17.251000000000005,12.0,missed,6.264644302600438,3.353283821903406,False
UriyaCohenEliya_BarIlan2Herzelia_Pixel10_24-3-2026,train,2,up,10.841000000000008,3.0,clean,2.7620484506673746,0.7930730715749238,True
UriyaCohenEliya_BarIlan2Herzelia_Pixel10_24-3-2026,train,3,up,13.22999999999999,5.9999999999999964,missed,5.900797167496061,0.8084792355629137,True
UriyaCohenEliya_BarIlan2Herzelia_Pixel10_24-3-2026,train,4,up,10.762,3.0,clean,2.9797954999340264,0.7930730715749238,True
UriyaCohenEliya_BarIlan2Herzelia_Pixel10_24-3-2026,train,5,up,10.800999999999988,3.0,clean,3.002422123645356,0.7930730715749238,True
UriyaCohenEliya_BarIlan2Herzelia_Pixel10_24-3-2026,train,6,up,13.230000000000018,6.0,missed,0.11279049250996594,0.7930730715749238,False
UriyaCohenEliya_BarIlan2Herzelia_Pixel10_24-3-2026,train,7,up,10.760999999999967,3.0,gt_merged,3.071008628630862,1.1297283241014293,False
UriyaCohenEliya_BarIlan2Herzelia_Pixel10_24-3-2026,train,8,up,13.189999999999998,6.0,gt_merged,6.756511651588331,1.4423755965747245,False
UriyaCohenEliya_BarIlan2Herzelia_Pixel10_24-3-2026,train,9,down,10.68100000000004,-3.0,gt_merged,-0.8864312200758994,0.7930730715749238,False
UriyaCohenEliya_BarIlan2Herzelia_Pixel10_24-3-2026,train,10,down,10.721000000000004,-3.0,gt_merged,-3.072397221959821,1.1449755919036135,False
UriyaCohenEliya_BarIlan2Herzelia_Pixel10_24-3-2026,train,11,down,13.468999999999937,-6.0,gt_merged,-7.467201574222291,1.6821706117114057,False
UriyaCohenEliya_BarIlan2Herzelia_Pixel10_24-3-2026,train,12,down,10.841000000000008,-3.0,gt_merged,-2.0268465925360233,0.7930730715749238,False
UriyaCohenEliya_BarIlan2Herzelia_Pixel10_24-3-2026,train,13,down,13.70900000000006,-6.0,missed,-3.7292343055331116,1.6383631130099945,False
UriyaCohenEliya_BarIlan2Herzelia_Pixel10_24-3-2026,train,14,down,13.468999999999937,-5.9999999999999964,missed,-5.684740858362061,1.8081460417202764,False
UriyaCohenEliya_BarIlan2Herzelia_Pixel10_24-3-2026,train,15,down,10.80099999999993,-3.0,missed,-1.960048810568076,0.8367392192656447,False
UriyaCohenEliya_BarIlan2Herzelia_Pixel10_24-3-2026,train,16,down,10.841000000000008,-3.0,missed,-2.7858204761595315,1.2315131635920122,True
UriyaCohenEliya_BarIlan2Herzelia_Pixel10_24-3-2026,train,17,down,15.81899999999996,-9.0,missed,0.5526979603662313,0.7930730715749238,False
UriyaCohenEliya_BarIlan2Herzelia_Pixel10_24-3-2026,train,18,down,19.125,-15.8,missed,-13.430056185118865,2.843761111853772,False
UriyaCohenEliya_BarIlan2Herzelia_Pixel10_24-3-2026,train,19,up,18.686000000000035,15.8,missed,13.12011088873069,2.8288131359217012,False
UriyaCohenEliya_BarIlan2Herzelia_Pixel10_24-3-2026,train,20,up,13.469000000000051,9.0,missed,3.9374875608067654,1.1411326443286496,False
UriyaCohenEliya_BarIlan2Herzelia_Pixel10_24-3-2026,train,21,up,11.755999999999972,6.0,gt_merged,2.846590845285832,1.0381885184386914,False
UriyaCohenEliya_BarIlan2Herzelia_Pixel10_24-3-2026,train,22,up,14.305999999999926,5.9999999999999964,gt_merged,4.045799858421718,1.3274282534191768,False
UriyaCohenEliya_BarIlan2Herzelia_Pixel10_24-3-2026,train,23,up,11.039000000000101,3.0,missed,2.4309079605958135,0.8655321957375397,False
UriyaCohenEliya_BarIlan2Herzelia_Pixel10_24-3-2026,train,24,up,10.680999999999926,3.0,missed,2.940668519091246,1.1020351884617152,False
UriyaCohenEliya_BarIlan2Herzelia_Pixel10_24-3-2026,train,25,up,10.99899999999991,3.0,missed,2.9838404294963836,0.7930730715749238,True
UriyaCohenEliya_BarIlan2Herzelia_Pixel10_24-3-2026,train,26,up,13.98599999999999,6.0,clean,4.562565760287746,1.3705937916197917,False
UriyaCohenEliya_BarIlan2Herzelia_Pixel10_24-3-2026,train,27,up,10.600999999999999,0.0,missed,3.2426358343472756,1.3094248319276094,False
UriyaCohenEliya_BarIlan2Herzelia_Pixel10_24-3-2026,train,28,up,13.389999999999986,6.0,missed,4.147497580874002,1.249211069362721,False
UriyaCohenEliya_BarIlan2Herzelia_Pixel10_24-3-2026,train,29,up,13.507999999999925,5.0,missed,7.992218273471769,2.316684208509332,False
UriyaCohenEliya_BarIlan2Herzelia_Pixel10_24-3-2026,train,30,down,10.522000000000048,-5.0,missed,-2.962825465629229,1.1956100314346625,False
UriyaCohenEliya_BarIlan2Herzelia_Pixel10_24-3-2026,train,31,down,12.07400000000007,-6.0,missed,-1.7297136819089383,3.928226365333416,False
UriyaCohenEliya_BarIlan2Herzelia_Pixel10_24-3-2026,train,32,down,10.68100000000004,-3.0,missed,-3.058733409055857,1.1865770357150498,False
UriyaCohenEliya_BarIlan2Herzelia_Pixel10_24-3-2026,train,33,down,10.323000000000093,-6.0,missed,-2.682704974152131,1.0727485534479215,False
UriyaCohenEliya_BarIlan2Herzelia_Pixel10_24-3-2026,train,34,down,19.442000000000007,-15.0,missed,-14.120710332960364,2.9891087644537895,False
UriyaCohenEliya_BarIlan2Herzelia_Pixel10_24-3-2026,train,35,down,13.787000000000035,-5.9999999999999964,missed,-5.442888719226811,1.3141134565712476,False
UriyaCohenEliya_BarIlan2Herzelia_Pixel10_24-3-2026,train,36,down,11.07899999999995,-3.0,clean,-2.929316099134108,0.9858057331055883,False
UriyaCohenEliya_BarIlan2Herzelia_Pixel10_24-3-2026,train,37,down,22.625999999999976,-20.0,missed,-15.115183632145142,2.467710730498359,False
UriyaCohenEliya_BarIlan2Herzelia_Pixel10_24-3-2026,train,38,up,47.75200000000018,58.0,missed,23.381964880390047,4.044800584620367,False
UriyaCohenEliya_BarIlan2Herzelia_Pixel10_24-3-2026,train,39,down,26.567999999999984,-26.0,missed,-19.87179114860773,3.7424697238532376,False
UriyaCohenEliya_BarIlan2Herzelia_Pixel10_24-3-2026,train,40,down,29.19699999999989,-32.0,missed,-29.805653130666137,4.127109353260241,True
UriyaCohenEliya_BarIlan2Herzelia_Pixel10_24-3-2026,train,41,up,30.588999999999942,32.0,missed,33.615392894328345,4.294257829293859,True
UriyaCohenEliya_BarIlan2Herzelia_Pixel10_24-3-2026,train,42,up,26.649000000000115,26.0,missed,24.99282352185505,3.771562959982312,False
UriyaCohenEliya_BarIlan2Herzelia_Pixel10_24-3-2026,train,43,down,47.03600000000006,-58.0,missed,-72.32811286555473,7.399030599103726,False
UriyaCohenEliya_beitMansour1_GooglePixel10_15-04-2026_exp5,train,0,up,26.807999999999993,41.73,clean,43.33818142372636,4.239901656038104,False
UriyaCohenEliya_beitMansour1_GooglePixel10_15-04-2026_exp5,train,1,down,26.251999999999953,-38.5,clean,-41.87425036824536,4.08099353882392,False
UriyaCohenEliya_beitMansour1_GooglePixel10_15-04-2026_exp5,train,2,up,17.451000000000022,19.25,clean,18.70497301742438,5.0978982821405445,False
UriyaCohenEliya_beitMansour1_GooglePixel10_15-04-2026_exp5,train,3,up,11.038999999999987,3.8500000000000014,clean,3.9144154170519228,1.137627201532611,False
UriyaCohenEliya_beitMansour1_GooglePixel10_15-04-2026_exp5,train,4,down,11.67599999999993,-3.8500000000000014,clean,-3.6636367738500217,0.8298080182408122,False
UriyaCohenEliya_beitMansour1_GooglePixel10_15-04-2026_exp5,train,5,down,18.602999999999952,-18.1045,clean,-18.14757035980624,1.979155115541373,False
UriyaCohenEliya_beitMansour1_GooglePixel10_15-04-2026_exp5,train,6,up,12.391999999999939,6.4894,clean,6.472678198905859,1.2292750188794612,False
UriyaCohenEliya_beitMansour1_GooglePixel10_15-04-2026_exp5,train,7,up,15.817000000000007,11.55,clean,12.541755311120358,3.012875713586161,False
UriyaCohenEliya_beitMansour1_GooglePixel10_15-04-2026_exp5,train,8,up,13.188999999999965,7.699999999999996,clean,7.54460413133101,1.5334854818310169,False
UriyaCohenEliya_beitMansour1_GooglePixel10_15-04-2026_exp5,train,9,up,19.678999999999974,16.900000000000006,clean,17.83801715403126,3.258021628810161,False
UriyaCohenEliya_beitMansour1_GooglePixel10_15-04-2026_exp5,train,10,down,13.268000000000029,-6.200000000000003,clean,-7.558492361338555,1.7039955800085318,False
UriyaCohenEliya_beitMansour1_GooglePixel10_15-04-2026_exp5,train,11,down,13.539999999999964,-3.8500000000000014,clean,-3.8486646946955925,0.8306359126935584,True
UriyaCohenEliya_beitMansour1_GooglePixel10_15-04-2026_exp5,train,12,down,15.271000000000072,-11.549999999999995,clean,-11.42277280944446,1.6175826375219693,True
UriyaCohenEliya_beitMansour1_GooglePixel10_15-04-2026_exp5,train,13,up,28.201999999999998,24.6,clean,46.11527071144195,5.393363158103769,False
UriyaCohenEliya_beitMansour1_GooglePixel10_15-04-2026_exp5,train,14,down,27.524999999999977,-43.85,clean,-42.95455073687944,4.179262434260673,False
UriyaCohenEliya_beitMansour1_GooglePixel10_15-04-2026_exp5,train,15,down,16.692999999999984,-14.55,clean,-13.361786536581844,1.3523284658973127,True
UriyaCohenEliya_beitMansour1_GooglePixel10_15-04-2026_exp5,train,16,up,16.692000000000007,12.9993,clean,12.862524456710748,1.7292001203821885,False
UriyaCohenEliya_beitMansour1_GooglePixel10_15-04-2026_exp5,train,17,down,20.62900000000002,-20.1042,clean,-22.10304979191686,4.975594705418891,False
UriyaCohenEliya_beitMansour1_SamsungSM-A235F_15-04-2026_exp5,train,0,up,26.807999999999993,41.73,clean,40.371403113691684,3.7352904057214666,False
UriyaCohenEliya_beitMansour1_SamsungSM-A235F_15-04-2026_exp5,train,1,down,26.251999999999953,-38.5,clean,-40.51338185331289,3.859997852118589,False
UriyaCohenEliya_beitMansour1_SamsungSM-A235F_15-04-2026_exp5,train,2,up,17.451000000000022,19.25,clean,19.590258347755043,4.736244344256586,False
UriyaCohenEliya_beitMansour1_SamsungSM-A235F_15-04-2026_exp5,train,3,up,11.038999999999987,3.8500000000000014,clean,3.961730352363677,0.9518712559593174,False
UriyaCohenEliya_beitMansour1_SamsungSM-A235F_15-04-2026_exp5,train,4,down,11.676000000000045,-3.8500000000000014,clean,-4.058424168036602,0.9306702206393725,False
UriyaCohenEliya_beitMansour1_SamsungSM-A235F_15-04-2026_exp5,train,5,down,18.602999999999952,-18.1045,clean,-18.145557077746908,1.8659255022221477,True
UriyaCohenEliya_beitMansour1_SamsungSM-A235F_15-04-2026_exp5,train,6,up,12.392000000000053,6.4894,clean,6.55191455924033,1.186318566346345,False
UriyaCohenEliya_beitMansour1_SamsungSM-A235F_15-04-2026_exp5,train,7,up,15.817000000000007,11.55,clean,11.898966481502882,2.0027165285984228,False
UriyaCohenEliya_beitMansour1_SamsungSM-A235F_15-04-2026_exp5,train,8,up,13.188999999999965,7.699999999999996,clean,8.098096100159204,1.5446931527137933,False
UriyaCohenEliya_beitMansour1_SamsungSM-A235F_15-04-2026_exp5,train,9,up,19.678999999999974,16.900000000000006,clean,18.21123285413705,3.1710237743552714,False
UriyaCohenEliya_beitMansour1_SamsungSM-A235F_15-04-2026_exp5,train,10,down,13.268000000000029,-6.200000000000003,clean,-8.119670211850897,1.6521631762234368,False
UriyaCohenEliya_beitMansour1_SamsungSM-A235F_15-04-2026_exp5,train,11,down,13.539999999999964,-3.8500000000000014,clean,-3.899580211688265,0.8415055374396724,True
UriyaCohenEliya_beitMansour1_SamsungSM-A235F_15-04-2026_exp5,train,12,down,15.270999999999958,-11.549999999999995,clean,-11.580320272334214,1.6367314538045235,True
UriyaCohenEliya_beitMansour1_SamsungSM-A235F_15-04-2026_exp5,train,13,up,28.201999999999998,24.6,clean,45.113159500367,4.395018489990443,False
UriyaCohenEliya_beitMansour1_SamsungSM-A235F_15-04-2026_exp5,train,14,down,27.524999999999977,-43.85,clean,-41.79293354884818,4.068437731994997,False
UriyaCohenEliya_beitMansour1_SamsungSM-A235F_15-04-2026_exp5,train,15,down,16.692999999999984,-14.55,clean,-13.50262450722526,1.3704387274436105,True
UriyaCohenEliya_beitMansour1_SamsungSM-A235F_15-04-2026_exp5,train,16,up,16.692000000000007,12.9993,clean,13.136100802249421,2.0212434493857043,False
UriyaCohenEliya_beitMansour1_SamsungSM-A235F_15-04-2026_exp5,train,17,down,20.62900000000002,-20.1042,clean,-19.595762756602312,6.547841092097697,False
UriyaCohenEliya_beitYitzchakiRaanana_GooglePixel10_15-04-2026_exp6,test,0,up,33.696000000000026,49.0667,clean,49.94794426236787,4.7216104731908635,True
UriyaCohenEliya_beitYitzchakiRaanana_GooglePixel10_15-04-2026_exp6,test,1,down,12.949999999999932,-7.479999999999997,clean,-7.952258584338509,1.2375003173169914,True
UriyaCohenEliya_beitYitzchakiRaanana_GooglePixel10_15-04-2026_exp6,test,2,down,14.980999999999995,-11.2143,clean,-11.16630905250779,1.0918026446426135,True
UriyaCohenEliya_beitYitzchakiRaanana_GooglePixel10_15-04-2026_exp6,test,3,down,10.840000000000032,-3.7399999999999984,clean,-3.6957003289877317,0.8225550146504292,True
UriyaCohenEliya_beitYitzchakiRaanana_GooglePixel10_15-04-2026_exp6,test,4,down,13.349000000000046,-7.48,clean,-7.6014827588621365,1.2165751663772213,True
UriyaCohenEliya_beitYitzchakiRaanana_GooglePixel10_15-04-2026_exp6,test,5,down,10.999000000000024,-3.7399999999999984,clean,-3.7179906451726774,0.8252119840912945,True
UriyaCohenEliya_beitYitzchakiRaanana_GooglePixel10_15-04-2026_exp6,test,6,down,14.90300000000002,-10.3703,clean,-10.32591277051055,1.0143421818725173,True
UriyaCohenEliya_beitYitzchakiRaanana_GooglePixel10_15-04-2026_exp6,test,7,down,11.99499999999989,-5.3634,clean,-5.1393699968297035,0.9996118838964861,True
UriyaCohenEliya_beitYitzchakiRaanana_GooglePixel10_15-04-2026_exp6,test,8,up,13.509000000000015,8.1724,clean,8.082010871357564,1.2549657675456136,True
UriyaCohenEliya_beitYitzchakiRaanana_GooglePixel10_15-04-2026_exp6,test,9,up,13.348999999999933,7.48,clean,7.647405138033651,1.2225412255064094,True
UriyaCohenEliya_beitYitzchakiRaanana_GooglePixel10_15-04-2026_exp6,test,10,up,11.040000000000077,3.7399999999999984,clean,3.7008622987276953,0.8237105712383427,True
UriyaCohenEliya_beitYitzchakiRaanana_GooglePixel10_15-04-2026_exp6,test,11,up,13.467999999999961,7.48,clean,7.634454502660672,1.2193574569018184,True
UriyaCohenEliya_beitYitzchakiRaanana_GooglePixel10_15-04-2026_exp6,test,12,up,15.142000000000053,11.220000000000002,clean,11.112883768116522,1.1058381930152257,True
UriyaCohenEliya_beitYitzchakiRaanana_GooglePixel10_15-04-2026_exp6,test,13,up,13.58900000000017,7.479999999999997,clean,7.180754079571278,1.250907265514453,False
UriyaCohenEliya_beitYitzchakiRaanana_GooglePixel10_15-04-2026_exp6,test,14,up,10.482999999999947,3.740000000000002,clean,4.112480413554655,0.892562082877395,False
UriyaCohenEliya_beitYitzchakiRaanana_GooglePixel10_15-04-2026_exp6,test,15,down,11.157999999999902,-3.740000000000002,missed,-4.4604566376863275,1.4623753583153445,False
UriyaCohenEliya_beitYitzchakiRaanana_GooglePixel10_15-04-2026_exp6,test,16,down,13.627999999999929,-11.22,missed,34.731435453324195,25.12609071477682,False
UriyaCohenEliya_beitYitzchakiRaanana_GooglePixel10_15-04-2026_exp6,test,17,down,17.05100000000016,-14.96,missed,-13.999577160606187,1.530376525223655,True
UriyaCohenEliya_beitYitzchakiRaanana_GooglePixel10_15-04-2026_exp6,test,18,down,19.40000000000009,-19.7414,gt_merged,-283.47494617481385,40.0,False
UriyaCohenEliya_beitYitzchakiRaanana_GooglePixel10_15-04-2026_exp6,test,19,up,13.268000000000029,7.48,gt_merged,0.10516539380473633,0.7930730715749238,False
UriyaCohenEliya_beitYitzchakiRaanana_GooglePixel10_15-04-2026_exp6,test,20,up,13.229000000000042,7.48,clean,7.612380793640543,1.2183371782322343,True
UriyaCohenEliya_beitYitzchakiRaanana_GooglePixel10_15-04-2026_exp6,test,21,up,11.317000000000007,3.7399999999999984,clean,3.7315861066315565,0.8269397567924125,True
UriyaCohenEliya_beitYitzchakiRaanana_GooglePixel10_15-04-2026_exp6,test,22,up,18.761999999999944,18.7,clean,18.740829769666057,1.7911810686205532,True
UriyaCohenEliya_beitYitzchakiRaanana_GooglePixel10_15-04-2026_exp6,test,23,up,13.18899999999985,7.740000000000002,clean,7.608713046483012,1.2184132659879252,True
UriyaCohenEliya_beitYitzchakiRaanana_GooglePixel10_15-04-2026_exp6,test,24,up,11.077999999999975,3.75,clean,4.176808762854642,0.8758135507046343,True
UriyaCohenEliya_beitYitzchakiRaanana_GooglePixel10_15-04-2026_exp6,test,25,down,20.31699999999978,-22.71,clean,-22.682518566940367,2.1421622249895833,True
UriyaCohenEliya_beitYitzchakiRaanana_GooglePixel10_15-04-2026_exp6,test,26,down,22.785000000000082,-26.18,clean,-26.866372086037742,2.541793823710017,True
UriyaCohenEliya_beitYitzchakiRaanana_GooglePixel10_15-04-2026_exp6,test,27,up,33.414999999999964,48.89,clean,51.21013392611401,4.821676463292948,True
UriyaCohenEliya_beitYitzchakiRaanana_GooglePixel10_15-04-2026_exp6,test,28,down,33.77300000000014,-48.89,clean,-52.17723403515015,5.306766256523354,False
UriyaCohenEliya_beitYitzchakiRaanana_SamsungSM-A235F_15-04-2026_exp6,test,0,up,33.696000000000026,49.0667,clean,48.404137904923275,4.634630710929655,False
UriyaCohenEliya_beitYitzchakiRaanana_SamsungSM-A235F_15-04-2026_exp6,test,1,down,12.950000000000045,-7.479999999999997,clean,-8.176304515329104,1.2666055253239297,True
UriyaCohenEliya_beitYitzchakiRaanana_SamsungSM-A235F_15-04-2026_exp6,test,2,down,14.980999999999995,-11.2143,clean,-11.308165950600099,1.098578818589191,True
UriyaCohenEliya_beitYitzchakiRaanana_SamsungSM-A235F_15-04-2026_exp6,test,3,down,10.840000000000032,-3.7399999999999984,clean,-3.76203524303035,0.8374181730402659,True
UriyaCohenEliya_beitYitzchakiRaanana_SamsungSM-A235F_15-04-2026_exp6,test,4,down,13.348999999999933,-7.48,clean,-7.813722988235786,1.2465545610334035,True
UriyaCohenEliya_beitYitzchakiRaanana_SamsungSM-A235F_15-04-2026_exp6,test,5,down,10.999000000000024,-3.7399999999999984,clean,-3.7773786168947594,0.8383372034458946,True
UriyaCohenEliya_beitYitzchakiRaanana_SamsungSM-A235F_15-04-2026_exp6,test,6,down,14.90300000000002,-10.3703,clean,-10.423591177511085,1.0121225070133801,True
UriyaCohenEliya_beitYitzchakiRaanana_SamsungSM-A235F_15-04-2026_exp6,test,7,down,11.995000000000005,-5.3634,clean,-5.630809718972788,1.043287029245258,True
UriyaCohenEliya_beitYitzchakiRaanana_SamsungSM-A235F_15-04-2026_exp6,test,8,up,13.509000000000015,8.1724,clean,8.190359263751851,1.271742009463673,True
UriyaCohenEliya_beitYitzchakiRaanana_SamsungSM-A235F_15-04-2026_exp6,test,9,up,13.349000000000046,7.48,clean,7.836291624735016,1.2488867341836436,True
UriyaCohenEliya_beitYitzchakiRaanana_SamsungSM-A235F_15-04-2026_exp6,test,10,up,11.039999999999964,3.7399999999999984,clean,3.800544071860483,0.8438529503302098,True
UriyaCohenEliya_beitYitzchakiRaanana_SamsungSM-A235F_15-04-2026_exp6,test,11,up,13.467999999999961,7.48,clean,7.7672084775868155,1.240490800876287,True
UriyaCohenEliya_beitYitzchakiRaanana_SamsungSM-A235F_15-04-2026_exp6,test,12,up,15.141999999999939,11.220000000000002,clean,11.536722355574806,1.2798388137774033,True
UriyaCohenEliya_beitYitzchakiRaanana_SamsungSM-A235F_15-04-2026_exp6,test,13,up,13.588999999999942,7.479999999999997,clean,7.189363480548274,1.3036796095260836,False
UriyaCohenEliya_beitYitzchakiRaanana_SamsungSM-A235F_15-04-2026_exp6,test,14,up,10.482999999999947,3.740000000000002,clean,4.217734542049206,0.9076271297551209,False
UriyaCohenEliya_beitYitzchakiRaanana_SamsungSM-A235F_15-04-2026_exp6,test,15,down,11.15800000000013,-3.740000000000002,clean,-4.188132029959674,1.5460802755320004,False
UriyaCohenEliya_beitYitzchakiRaanana_SamsungSM-A235F_15-04-2026_exp6,test,16,down,13.627999999999929,-11.22,clean,-11.386267334093658,1.1157846632013446,True
UriyaCohenEliya_beitYitzchakiRaanana_SamsungSM-A235F_15-04-2026_exp6,test,17,down,17.05100000000016,-14.96,clean,-15.09741431379699,1.440086679184858,True
UriyaCohenEliya_beitYitzchakiRaanana_SamsungSM-A235F_15-04-2026_exp6,test,18,down,19.40000000000009,-19.7414,clean,-19.37796769623592,1.850202091105618,True
UriyaCohenEliya_beitYitzchakiRaanana_SamsungSM-A235F_15-04-2026_exp6,test,19,up,13.268000000000029,7.48,missed,-0.3259774954279426,0.7930730715749238,False
UriyaCohenEliya_beitYitzchakiRaanana_SamsungSM-A235F_15-04-2026_exp6,test,20,up,13.228999999999814,7.48,clean,7.831694012997503,1.2492669432288064,True
UriyaCohenEliya_beitYitzchakiRaanana_SamsungSM-A235F_15-04-2026_exp6,test,21,up,11.317000000000007,3.7399999999999984,clean,3.835502745628311,0.8484768802365416,True
UriyaCohenEliya_beitYitzchakiRaanana_SamsungSM-A235F_15-04-2026_exp6,test,22,up,18.761999999999944,18.7,clean,18.804275037001666,1.7703520995739537,True
UriyaCohenEliya_beitYitzchakiRaanana_SamsungSM-A235F_15-04-2026_exp6,test,23,up,13.189000000000078,7.740000000000002,clean,7.793546541074747,1.2442028419595668,True
UriyaCohenEliya_beitYitzchakiRaanana_SamsungSM-A235F_15-04-2026_exp6,test,24,up,11.077999999999975,3.75,clean,4.242319850049956,0.8894573920583868,True
UriyaCohenEliya_beitYitzchakiRaanana_SamsungSM-A235F_15-04-2026_exp6,test,25,down,20.317000000000007,-22.71,clean,-22.9682551516716,2.169412679542665,True
UriyaCohenEliya_beitYitzchakiRaanana_SamsungSM-A235F_15-04-2026_exp6,test,26,down,22.784999999999854,-26.18,clean,-27.077447409421378,2.5619084257594893,True
UriyaCohenEliya_beitYitzchakiRaanana_SamsungSM-A235F_15-04-2026_exp6,test,27,up,33.41500000000019,48.89,clean,58.54220855132757,5.515010748236693,False
UriyaCohenEliya_beitYitzchakiRaanana_SamsungSM-A235F_15-04-2026_exp6,test,28,down,33.77300000000014,-48.89,clean,-47.64607167050694,4.516045969935965,False
UriyaCohenEliya_milleniumHotel_GooglePixel10_15-04-2026_exp1,train,0,down,11.358000000000061,-3.674999999999997,gt_merged,-3.6449217356548136,0.8645881615005969,False
UriyaCohenEliya_milleniumHotel_GooglePixel10_15-04-2026_exp1,train,1,down,10.641999999999939,-3.324999999999996,gt_merged,-3.2983959598578805,0.7930730715749238,True
UriyaCohenEliya_milleniumHotel_GooglePixel10_15-04-2026_exp1,train,2,down,12.871999999999957,-6.649999999999999,clean,-6.650467235691396,0.8015311360060499,True
UriyaCohenEliya_milleniumHotel_GooglePixel10_15-04-2026_exp1,train,3,down,16.614000000000033,-13.3226,missed,-13.319673862272468,1.5052317163381477,True
UriyaCohenEliya_milleniumHotel_GooglePixel10_15-04-2026_exp1,train,4,down,10.720000000000027,-3.324999999999996,clean,-3.3601960663306976,0.7930730715749238,True
UriyaCohenEliya_milleniumHotel_GooglePixel10_15-04-2026_exp1,train,5,down,12.233999999999924,-5.600000000000001,clean,-5.612657942458576,1.0511955894018477,True
UriyaCohenEliya_milleniumHotel_GooglePixel10_15-04-2026_exp1,train,6,down,15.498000000000047,-12.5073,missed,-11.80420546470224,2.8603171858002385,False
UriyaCohenEliya_milleniumHotel_GooglePixel10_15-04-2026_exp1,train,7,up,33.38599999999997,40.95,missed,34.266134593995936,4.44609584482999,True
UriyaCohenEliya_milleniumHotel_GooglePixel10_15-04-2026_exp1,train,8,up,15.773999999999887,13.299999999999995,clean,13.304502332524349,1.7057861141792277,True
UriyaCohenEliya_milleniumHotel_GooglePixel10_15-04-2026_exp1,train,9,up,15.90899999999965,10.050000000000011,clean,10.346858336505655,1.3324573732249054,True
UriyaCohenEliya_milleniumHotel_GooglePixel10_15-04-2026_exp2,train,0,down,12.871999999999957,-6.999999999999993,missed,-6.967109932034372,0.8513949056586235,True
UriyaCohenEliya_milleniumHotel_GooglePixel10_15-04-2026_exp2,train,1,down,25.29600000000005,-28.875,missed,-29.01641927545252,3.2126733633668416,True
UriyaCohenEliya_milleniumHotel_GooglePixel10_15-04-2026_exp2,train,2,down,16.05600000000004,-11.55,missed,-11.50286835637533,1.2995497070386095,True
UriyaCohenEliya_milleniumHotel_GooglePixel10_15-04-2026_exp2,train,3,down,18.644999999999982,-16.8,missed,-16.688216888689315,1.8312439091042882,True
UriyaCohenEliya_milleniumHotel_GooglePixel10_15-04-2026_exp2,train,4,up,18.839000000000055,12.6,missed,12.296719755186396,2.148390085154699,True
UriyaCohenEliya_milleniumHotel_GooglePixel10_15-04-2026_exp2,train,5,up,12.109000000000037,4.200000000000001,missed,3.769145807205471,0.8332317338346086,True
UriyaCohenEliya_milleniumHotel_GooglePixel10_15-04-2026_exp2,train,6,up,12.75,6.199999999999999,missed,5.959800986464428,1.0746434930832396,True
UriyaCohenEliya_milleniumHotel_GooglePixel10_15-04-2026_exp2,train,7,up,13.388000000000034,5.350000000000001,missed,5.205154487483555,1.007843773201087,True
UriyaCohenEliya_milleniumHotel_GooglePixel10_15-04-2026_exp2,train,8,up,15.012000000000057,8.924999999999997,missed,8.932355085178022,1.0242277273473215,True
UriyaCohenEliya_milleniumHotel_GooglePixel10_15-04-2026_exp2,train,9,up,13.321000000000026,3.325000000000003,missed,3.283392458766423,0.7930730715749238,True
UriyaCohenEliya_milleniumHotel_GooglePixel10_15-04-2026_exp2,train,10,up,18.908999999999992,9.975,missed,10.209400639359547,1.1533087579682593,True
UriyaCohenEliya_milleniumHotel_GooglePixel10_15-04-2026_exp2,train,11,down,32.54000000000008,-41.125,missed,-41.86209947451126,4.569798422858721,True
UriyaCohenEliya_milleniumHotel_GooglePixel10_15-04-2026_exp2,train,12,up,16.136999999999944,5.428,clean,5.366002203909408,0.9132445931593416,True
UriyaCohenEliya_milleniumHotel_GooglePixel10_15-04-2026_exp2,train,13,up,29.794999999999845,34.65,missed,35.81424420687767,4.517684234803206,True
UriyaCohenEliya_milleniumHotel_GooglePixel10_15-04-2026_exp2,train,14,down,32.940000000000055,-40.95,missed,-40.99669644026277,5.165166901893596,True
UriyaCohenEliya_milleniumHotel_GooglePixel10_15-04-2026_exp2,train,15,up,12.274000000000115,6.3,missed,5.336026381522887,0.9677605508893901,False
UriyaCohenEliya_milleniumHotel_GooglePixel10_15-04-2026_exp2,train,16,down,12.073999999999842,-6.3,missed,-5.377738004948832,0.798785028521016,True
UriyaCohenEliya_milleniumHotel_GooglePixel10_15-04-2026_exp2,train,17,up,12.112999999999829,6.3,missed,5.366664989704135,0.943810057415258,False
UriyaCohenEliya_milleniumHotel_GooglePixel10_15-04-2026_exp2,train,18,up,17.674999999999955,12.287,missed,12.232611686175408,1.5341425889339124,True
UriyaCohenEliya_milleniumHotel_GooglePixel10_15-04-2026_exp2,train,19,up,13.532999999999902,10.950000000000005,missed,9.984616320308136,1.3001473848553304,True
UriyaCohenEliya_milleniumHotel_GooglePixel10_15-04-2026_exp2,train,20,up,12.320999999999913,3.324999999999996,missed,3.5228997249287386,0.8776217078648851,True
UriyaCohenEliya_milleniumHotel_GooglePixel10_15-04-2026_exp2,train,21,down,11.485999999999876,-3.324999999999996,missed,-3.4201110790730365,0.8699244862802711,True
UriyaCohenEliya_milleniumHotel_GooglePixel10_15-04-2026_exp2,train,22,down,12.154999999999973,-5.600000000000001,missed,-5.354115009798167,1.0803449360493225,True
UriyaCohenEliya_milleniumHotel_GooglePixel10_15-04-2026_exp2,train,23,down,21.712999999999965,-22.05,missed,-23.049933777484547,2.9247190321172547,True
UriyaCohenEliya_milleniumHotel_GooglePixel10_15-04-2026_exp2,train,24,up,16.491999999999962,13.3,missed,13.241184927773201,1.4601064136080906,True
UriyaCohenEliya_milleniumHotel_GooglePixel10_15-04-2026_exp2,train,25,up,12.68600000000015,3.3999999999999986,missed,3.4152121538558524,0.8463453193742789,True
UriyaCohenEliya_milleniumHotel_GooglePixel10_15-04-2026_exp2,train,26,up,17.550000000000182,5.350000000000001,missed,6.608441153938895,0.8623567042172637,True
UriyaCohenEliya_milleniumHotel_GooglePixel10_15-04-2026_exp2,train,27,down,13.32100000000014,-3.1889,missed,-3.127708771702573,0.815347057780064,True
UriyaCohenEliya_milleniumHotel_GooglePixel10_15-04-2026_exp2,train,28,down,14.377999999999929,-6.199999999999999,missed,-6.626823647684207,0.8634486357242468,True
UriyaCohenEliya_milleniumHotel_GooglePixel10_15-04-2026_exp2,train,29,down,19.451999999999998,-16.8,missed,-16.521643056762993,2.101044976869022,True
UriyaCohenEliya_milleniumHotel_GooglePixel10_15-04-2026_exp2,train,30,down,18.395999999999958,-5.5728,missed,-5.556571897288457,0.7930730715749238,True
UriyaCohenEliya_milleniumHotel_SamsungSM-A235F_15-04-2026_exp2,train,0,down,12.871999999999957,-6.999999999999993,clean,-7.07810139119837,0.8609691073530882,True
UriyaCohenEliya_milleniumHotel_SamsungSM-A235F_15-04-2026_exp2,train,1,down,25.295999999999992,-28.875,clean,-28.932994822500422,3.2035506741801854,True
UriyaCohenEliya_milleniumHotel_SamsungSM-A235F_15-04-2026_exp2,train,2,down,16.055999999999926,-11.55,clean,-11.717749728986433,1.3060989060215633,True
UriyaCohenEliya_milleniumHotel_SamsungSM-A235F_15-04-2026_exp2,train,3,down,18.644999999999982,-16.8,clean,-16.86023807503088,1.8518662706261726,True
UriyaCohenEliya_milleniumHotel_SamsungSM-A235F_15-04-2026_exp2,train,4,up,18.838999999999942,12.6,clean,6.6587146948685945,2.654407525875995,False
UriyaCohenEliya_milleniumHotel_SamsungSM-A235F_15-04-2026_exp2,train,5,up,12.109000000000037,4.200000000000001,clean,4.177430385678246,0.8761307742554778,True
UriyaCohenEliya_milleniumHotel_SamsungSM-A235F_15-04-2026_exp2,train,6,up,12.75,6.199999999999999,clean,6.53658159113085,1.132827949785514,True
UriyaCohenEliya_milleniumHotel_SamsungSM-A235F_15-04-2026_exp2,train,7,up,13.388000000000034,5.350000000000001,clean,5.298074953706889,1.0261212848928134,True
UriyaCohenEliya_milleniumHotel_SamsungSM-A235F_15-04-2026_exp2,train,8,up,15.011999999999944,8.924999999999997,clean,9.009529963756817,1.0354748794930138,True
UriyaCohenEliya_milleniumHotel_SamsungSM-A235F_15-04-2026_exp2,train,9,up,13.321000000000026,3.325000000000003,clean,3.3407246814926705,0.7930730715749238,True
UriyaCohenEliya_milleniumHotel_SamsungSM-A235F_15-04-2026_exp2,train,10,up,18.908999999999992,9.975,clean,10.262304393130384,1.1642376041123534,True
UriyaCohenEliya_milleniumHotel_SamsungSM-A235F_15-04-2026_exp2,train,11,down,32.539999999999964,-41.125,clean,-42.25749149915386,4.613345735441225,True
UriyaCohenEliya_milleniumHotel_SamsungSM-A235F_15-04-2026_exp2,train,12,up,16.136999999999944,5.428,clean,5.559177273797105,1.1139855910942333,True
UriyaCohenEliya_milleniumHotel_SamsungSM-A235F_15-04-2026_exp2,train,13,up,29.795000000000073,34.65,clean,36.0888768387649,4.550784306491568,True
UriyaCohenEliya_milleniumHotel_SamsungSM-A235F_15-04-2026_exp2,train,14,down,32.940000000000055,-40.95,clean,-41.531968728230666,5.233301488305754,True
UriyaCohenEliya_milleniumHotel_SamsungSM-A235F_15-04-2026_exp2,train,15,up,12.273999999999887,6.3,clean,5.441975660009645,0.7930730715749238,True
UriyaCohenEliya_milleniumHotel_SamsungSM-A235F_15-04-2026_exp2,train,16,down,12.07400000000007,-6.3,clean,-5.416839602946012,0.8152704889229883,True
UriyaCohenEliya_milleniumHotel_SamsungSM-A235F_15-04-2026_exp2,train,17,up,12.113000000000056,6.3,clean,5.43870399122077,0.8650582365841567,True
UriyaCohenEliya_milleniumHotel_SamsungSM-A235F_15-04-2026_exp2,train,18,up,17.675000000000182,12.287,clean,12.341455257807127,1.5516899568600115,True
UriyaCohenEliya_milleniumHotel_SamsungSM-A235F_15-04-2026_exp2,train,19,up,13.532999999999902,10.950000000000005,clean,10.072297699560446,1.3036991303422574,True
UriyaCohenEliya_milleniumHotel_SamsungSM-A235F_15-04-2026_exp2,train,20,up,12.32100000000014,3.324999999999996,clean,3.5685504475885357,0.889422632797692,True
UriyaCohenEliya_milleniumHotel_SamsungSM-A235F_15-04-2026_exp2,train,21,down,11.485999999999876,-3.324999999999996,clean,-3.864705847996604,0.9216340013103622,True
UriyaCohenEliya_milleniumHotel_SamsungSM-A235F_15-04-2026_exp2,train,22,down,12.154999999999973,-5.600000000000001,clean,-5.474075711350068,1.0995587144832188,True
UriyaCohenEliya_milleniumHotel_SamsungSM-A235F_15-04-2026_exp2,train,23,down,21.713000000000193,-22.05,clean,-22.983538983767474,2.916624831920505,True
UriyaCohenEliya_milleniumHotel_SamsungSM-A235F_15-04-2026_exp2,train,24,up,16.492000000000075,13.3,clean,13.418790049585837,1.4612761448506117,True
UriyaCohenEliya_milleniumHotel_SamsungSM-A235F_15-04-2026_exp2,train,25,up,12.685999999999922,3.3999999999999986,clean,3.4647796059304126,0.8585392121364283,True
UriyaCohenEliya_milleniumHotel_SamsungSM-A235F_15-04-2026_exp2,train,26,up,17.549999999999955,5.350000000000001,clean,6.690682465647065,0.8892911248832437,True
UriyaCohenEliya_milleniumHotel_SamsungSM-A235F_15-04-2026_exp2,train,27,down,13.320999999999913,-3.1889,clean,-3.170710810003668,0.826602871792355,True
UriyaCohenEliya_milleniumHotel_SamsungSM-A235F_15-04-2026_exp2,train,28,down,14.378000000000156,-6.199999999999999,clean,-6.724603523793268,0.885404127404552,True
UriyaCohenEliya_milleniumHotel_SamsungSM-A235F_15-04-2026_exp2,train,29,down,19.451999999999998,-16.8,clean,-16.706869102062445,2.123414182246622,True
UriyaCohenEliya_milleniumHotel_SamsungSM-A235F_15-04-2026_exp2,train,30,down,18.395999999999958,-5.5728,clean,-5.589116960855425,0.7930730715749238,True
UriyaCohenEliya_milleniumHotel_Xiaomi22101320I_15-04-2026_exp1,train,0,down,11.358000000000061,-3.674999999999997,missed,-3.6908971316309636,0.8313255165312973,True
UriyaCohenEliya_milleniumHotel_Xiaomi22101320I_15-04-2026_exp1,train,1,down,10.641999999999939,-3.324999999999996,missed,-3.411379600202766,0.7930730715749238,True
UriyaCohenEliya_milleniumHotel_Xiaomi22101320I_15-04-2026_exp1,train,2,down,12.872000000000071,-6.649999999999999,missed,-6.733573417571613,0.8144361238816998,True
UriyaCohenEliya_milleniumHotel_Xiaomi22101320I_15-04-2026_exp1,train,3,down,16.614000000000033,-13.3226,missed,-13.325589090958488,1.5095269762302275,True
UriyaCohenEliya_milleniumHotel_Xiaomi22101320I_15-04-2026_exp1,train,4,down,10.720000000000027,-3.324999999999996,missed,-3.45808279656865,0.7930730715749238,True
UriyaCohenEliya_milleniumHotel_Xiaomi22101320I_15-04-2026_exp1,train,5,down,12.233999999999924,-5.600000000000001,missed,-5.71733789926136,1.070850398140817,True
UriyaCohenEliya_milleniumHotel_Xiaomi22101320I_15-04-2026_exp1,train,6,down,15.498000000000047,-12.5073,missed,-13.731160582042284,4.866962449489792,False
UriyaCohenEliya_milleniumHotel_Xiaomi22101320I_15-04-2026_exp1,train,7,up,33.38599999999997,40.95,missed,41.25112202510138,5.246794306999838,False
UriyaCohenEliya_milleniumHotel_Xiaomi22101320I_15-04-2026_exp1,train,8,up,15.773999999999887,13.299999999999995,clean,13.511921233898688,1.7326597155929724,True
UriyaCohenEliya_milleniumHotel_Xiaomi22101320I_15-04-2026_exp1,train,9,up,15.90899999999965,10.050000000000011,clean,10.425123249602942,1.318633288091762,True
UriyaCohenEliya_milleniumOutside_GooglePixel10_15-04-2026_exp3,train,0,up,16.335,12.777444193725271,clean,12.47076280149554,1.4577807836106942,True
UriyaCohenEliya_milleniumOutside_GooglePixel10_15-04-2026_exp3,train,1,down,10.838999999999999,-3.412756191847677,clean,-3.096083020297249,0.7930730715749238,True
UriyaCohenEliya_milleniumOutside_GooglePixel10_15-04-2026_exp3,train,2,up,11.039000000000001,3.428123033694717,clean,3.0942286621092907,0.7930730715749238,True
UriyaCohenEliya_milleniumOutside_GooglePixel10_15-04-2026_exp3,train,3,up,11.198000000000008,4.182211224990411,clean,4.2122101258403175,0.8901745538850578,True
UriyaCohenEliya_milleniumOutside_GooglePixel10_15-04-2026_exp3,train,4,up,12.671999999999997,6.231132201261616,clean,6.1992076659051065,0.7930730715749238,True
UriyaCohenEliya_milleniumOutside_GooglePixel10_15-04-2026_exp3,train,5,down,12.513000000000005,-6.346494271686126,clean,-6.216252730125281,0.7930730715749238,True
UriyaCohenEliya_milleniumOutside_GooglePixel10_15-04-2026_exp3,train,6,down,15.617999999999995,-10.911797942609724,clean,-10.651838236728356,1.2680550605526162,True
UriyaCohenEliya_milleniumOutside_GooglePixel10_15-04-2026_exp3,train,7,down,12.272999999999996,-6.21694641445859,clean,-6.065869722542242,0.7930730715749238,True
UriyaCohenEliya_milleniumOutside_GooglePixel10_15-04-2026_exp3,train,8,up,22.745000000000005,23.36346424783879,clean,22.90315602303124,2.716080115268838,True
UriyaCohenEliya_milleniumOutside_GooglePixel10_15-04-2026_exp3,train,9,down,12.712000000000018,-6.25158268561222,clean,-6.259067051379578,0.7930730715749238,True
UriyaCohenEliya_milleniumOutside_GooglePixel10_15-04-2026_exp3,train,10,down,15.460000000000036,-10.895782813511346,clean,-10.581141520073748,1.2549225163109123,True
UriyaCohenEliya_milleniumOutside_GooglePixel10_15-04-2026_exp3,train,11,down,12.711999999999989,-6.17184394354895,clean,-6.06742107703845,0.7930730715749238,True
UriyaCohenEliya_milleniumOutside_SamsungSM-A235F_15-04-2026_exp3,train,0,up,16.334999999999994,12.777444193725271,clean,12.657236398091134,1.4809651543344102,True
UriyaCohenEliya_milleniumOutside_SamsungSM-A235F_15-04-2026_exp3,train,1,down,10.838999999999999,-3.412756191847677,clean,-3.43771403522553,0.7930730715749238,True
UriyaCohenEliya_milleniumOutside_SamsungSM-A235F_15-04-2026_exp3,train,2,up,11.038999999999987,3.428123033694717,clean,3.4559163263595867,0.7930730715749238,True
UriyaCohenEliya_milleniumOutside_SamsungSM-A235F_15-04-2026_exp3,train,3,up,11.198000000000008,4.182211224990411,clean,4.280504054444296,0.9046073964113638,True
UriyaCohenEliya_milleniumOutside_SamsungSM-A235F_15-04-2026_exp3,train,4,up,12.671999999999997,6.231132201261616,clean,6.256922300599351,0.7930730715749238,True
UriyaCohenEliya_milleniumOutside_SamsungSM-A235F_15-04-2026_exp3,train,5,down,12.512999999999977,-6.346494271686126,clean,-6.290229742682065,0.7930730715749238,True
UriyaCohenEliya_milleniumOutside_SamsungSM-A235F_15-04-2026_exp3,train,6,down,15.617999999999995,-10.911797942609724,clean,-10.666551365249079,1.2660357539643867,True
UriyaCohenEliya_milleniumOutside_SamsungSM-A235F_15-04-2026_exp3,train,7,down,12.272999999999996,-6.21694641445859,clean,-6.188948401304879,0.7930730715749238,True
UriyaCohenEliya_milleniumOutside_SamsungSM-A235F_15-04-2026_exp3,train,8,up,22.745000000000005,23.36346424783879,clean,23.1478244023136,2.746197518626589,True
UriyaCohenEliya_milleniumOutside_SamsungSM-A235F_15-04-2026_exp3,train,9,down,12.711999999999989,-6.25158268561222,clean,-6.309570657099248,0.7930730715749238,True
UriyaCohenEliya_milleniumOutside_SamsungSM-A235F_15-04-2026_exp3,train,10,down,15.460000000000036,-10.895782813511346,clean,-10.704276203554759,1.2698333962326138,True
UriyaCohenEliya_milleniumOutside_SamsungSM-A235F_15-04-2026_exp3,train,11,down,12.711999999999989,-6.17184394354895,clean,-6.113643898482806,0.7930730715749238,True
