exp,kind,pred_idx,type,duration_s,status,matched_gt_idx,matched_gt_dh,pred_dh,pred_ci,pred_accepted,baro_dh
eyalyakir_acroBuilding_SamsungSM-S911B_15-04-2026_exp4,train,0,up,17.589103448275978,clean,0,27.0788,25.52923990009563,2.3144697457600847,True,27.69909941214337
eyalyakir_acroBuilding_SamsungSM-S911B_15-04-2026_exp4,train,1,down,11.615103448275931,clean,1,-15.639999999999995,-14.513149315714983,1.4172501636993464,True,-15.618365089334546
eyalyakir_acroBuilding_SamsungSM-S911B_15-04-2026_exp4,train,2,down,5.876275862068837,clean,2,-3.7073,-3.4077857886442167,0.7930730715749238,True,-3.7833391843267066
eyalyakir_acroBuilding_SamsungSM-S911B_15-04-2026_exp4,train,3,up,11.653103448275942,clean,3,15.1485,14.479374829836503,1.371283691431276,True,15.90932482393876
eyalyakir_acroBuilding_SamsungSM-S911B_15-04-2026_exp4,train,4,up,9.74631034482752,clean,4,11.172,10.856534826650869,1.1302628891376048,True,12.034610364265987
eyalyakir_acroBuilding_SamsungSM-S911B_15-04-2026_exp4,train,5,down,13.65110344827599,clean,5,-15.639999999999995,-18.35577464562329,1.8200130959009737,True,-19.86327915310349
eyalyakir_acroBuilding_SamsungSM-S911B_15-04-2026_exp4,train,6,down,7.112689655172403,clean,6,-7.82,-7.272522367112705,0.95682573463644,True,-7.791053194746127
eyalyakir_acroBuilding_SamsungSM-S911B_15-04-2026_exp4,train,7,down,7.15168965517239,clean,7,-7.82,-7.348775646399256,0.9248967565783307,True,-7.817724420860657
eyalyakir_acroBuilding_SamsungSM-S911B_15-04-2026_exp4,train,8,up,19.085482758620742,clean,8,25.78,29.917875052140243,3.110364793739846,True,32.123919215679706
eyalyakir_acroBuilding_SamsungSM-S911B_15-04-2026_exp4,train,9,down,19.245896551724172,clean,9,-31.28,-29.15967227167839,2.7514268433500293,True,-31.624312066600993
eyalyakir_acroBuilding_SamsungSM-S911B_15-04-2026_exp4,train,10,up,15.327896551724052,clean,10,23.5313,21.690716043007757,2.094086971227077,True,24.011812272687294
eyalyakir_acroBuilding_SamsungSM-S911B_15-04-2026_exp4,train,11,down,15.366896551724267,clean,11,-22.5398,-21.664031931153342,2.0589809501082357,True,-23.59480109418986
eyalyakir_acroBuilding_SamsungSM-S911B_15-04-2026_exp4,train,12,up,3.3998275862070386,fp,-1,,-0.6254867808783937,10.616084091120053,False,-0.0674035107185631
eyalyakir_acroBuilding_Xiaomi22101320I_15-04-2026_exp4,train,0,up,17.569103448275996,clean,0,27.0788,26.88914517192586,2.4346923267554423,True,27.49285390953513
eyalyakir_acroBuilding_Xiaomi22101320I_15-04-2026_exp4,train,1,down,11.623103448275856,clean,1,-15.639999999999995,-15.130504341395637,1.4434877004528996,True,-15.558053404849502
eyalyakir_acroBuilding_Xiaomi22101320I_15-04-2026_exp4,train,2,down,5.872275862068818,clean,2,-3.7073,-3.590527984228226,0.7930730715749238,True,-3.7450718293023044
eyalyakir_acroBuilding_Xiaomi22101320I_15-04-2026_exp4,train,3,up,11.642103448275975,clean,3,15.1485,15.152423053222863,1.4266824164443943,True,15.649393214146698
eyalyakir_acroBuilding_Xiaomi22101320I_15-04-2026_exp4,train,4,up,9.782310344827579,clean,4,11.172,11.368702361197892,1.1027724531631313,True,12.11223242485002
eyalyakir_acroBuilding_Xiaomi22101320I_15-04-2026_exp4,train,5,down,13.656103448275871,clean,5,-15.639999999999995,-19.2867251187953,1.875540587194926,True,-19.54902265014836
eyalyakir_acroBuilding_Xiaomi22101320I_15-04-2026_exp4,train,6,down,7.098689655172393,clean,6,-7.82,-7.463275935089268,0.9589542167870226,True,-7.189601282432307
eyalyakir_acroBuilding_Xiaomi22101320I_15-04-2026_exp4,train,7,down,7.158689655172452,clean,7,-7.82,-7.555878700481174,0.941670912490057,True,-7.586644341959811
eyalyakir_acroBuilding_Xiaomi22101320I_15-04-2026_exp4,train,8,up,19.079482758620657,clean,8,25.78,31.463797384841513,3.2679554732964453,True,31.973091907784237
eyalyakir_acroBuilding_Xiaomi22101320I_15-04-2026_exp4,train,9,down,19.459103448275528,clean,9,-31.28,-31.468308490485306,2.8837449670185444,True,-31.208451930963065
eyalyakir_acroBuilding_Xiaomi22101320I_15-04-2026_exp4,train,10,up,15.486103448275799,clean,10,23.5313,23.00955444492748,2.1186018221210383,True,23.886448972880373
eyalyakir_acroBuilding_Xiaomi22101320I_15-04-2026_exp4,train,11,down,15.605103448275713,clean,11,-22.5398,-23.15020067615834,2.163502579009941,True,-23.197474089680952
eyalyakir_acroBuilding_Xiaomi22101320I_15-04-2026_exp4,train,12,up,3.375827586206924,fp,-1,,-0.7124633050601991,7.783202277222176,False,-0.10552914577974093
eyalyakir_beitMansour1_SamsungSM-S911B_15-04-2026_exp5,train,0,up,20.334103448275982,clean,0,41.73,39.7208810898212,3.665390005050392,True,41.63267088954164
eyalyakir_beitMansour1_SamsungSM-S911B_15-04-2026_exp5,train,1,down,20.148896551724192,clean,1,-38.5,-38.831835635341115,3.702750955805597,True,-41.803116714098635
eyalyakir_beitMansour1_SamsungSM-S911B_15-04-2026_exp5,train,2,up,11.154103448276032,clean,2,19.25,17.590489871034368,1.7486830811915932,True,18.12533842923213
eyalyakir_beitMansour1_SamsungSM-S911B_15-04-2026_exp5,train,3,up,5.875275862068861,clean,3,3.8500000000000014,3.8711254747420183,0.8327159549894423,True,3.9984167029708715
eyalyakir_beitMansour1_SamsungSM-S911B_15-04-2026_exp5,train,4,down,5.8562758620688555,clean,4,-3.8500000000000014,-3.48047734723325,0.7930730715749238,True,-3.8508274624668957
eyalyakir_beitMansour1_SamsungSM-S911B_15-04-2026_exp5,train,5,down,12.573482758620571,clean,5,-18.1045,-17.487482421999946,1.880096512059559,True,-17.856637632601903
eyalyakir_beitMansour1_SamsungSM-S911B_15-04-2026_exp5,train,6,up,6.913896551724292,clean,6,6.4894,6.248469990690414,1.117426521579484,False,6.63904370127149
eyalyakir_beitMansour1_SamsungSM-S911B_15-04-2026_exp5,train,7,up,9.173482758620594,clean,7,11.55,10.992908667818158,1.2082315085019377,True,11.418116467177683
eyalyakir_beitMansour1_SamsungSM-S911B_15-04-2026_exp5,train,8,up,7.413896551724179,clean,8,7.699999999999996,7.294254939574229,0.7951529819497644,True,7.738199190474177
eyalyakir_beitMansour1_SamsungSM-S911B_15-04-2026_exp5,train,9,up,13.245482758620597,clean,9,16.900000000000006,18.763668087303095,2.006736872759612,True,19.641634234083725
eyalyakir_beitMansour1_SamsungSM-S911B_15-04-2026_exp5,train,10,down,7.279896551724164,clean,10,-6.200000000000003,-7.40408971860763,0.9370324837259081,True,-7.969653694266867
eyalyakir_beitMansour1_SamsungSM-S911B_15-04-2026_exp5,train,11,down,5.83727586206885,clean,11,-3.8500000000000014,-3.4857814833627123,0.7930730715749238,True,-3.648344366450587
eyalyakir_beitMansour1_SamsungSM-S911B_15-04-2026_exp5,train,12,down,8.529517241379267,clean,12,-11.549999999999995,-11.16652694784162,1.2204746729105571,True,-11.628507061733458
eyalyakir_beitMansour1_SamsungSM-S911B_15-04-2026_exp5,train,13,down,12.65110344827599,clean,17,-20.1042,-21.01378752825669,2.002359702702878,True,-22.147610992849962
eyalyakir_beitMansour1_SamsungSM-S911B_15-04-2026_exp5,train,14,up,21.92810344827592,clean,13,24.6,43.44306231405985,4.0288748153772085,True,45.33876419751583
eyalyakir_beitMansour1_SamsungSM-S911B_15-04-2026_exp5,train,15,down,21.64689655172424,clean,14,-43.85,-42.79426796713183,4.082348675748012,True,-45.29686200440166
eyalyakir_beitMansour1_SamsungSM-S911B_15-04-2026_exp5,train,16,down,10.057482758620608,clean,15,-14.55,-12.89716279232916,1.400558280420128,True,-13.535649344998518
eyalyakir_beitMansour1_SamsungSM-S911B_15-04-2026_exp5,train,17,up,10.037482758620627,clean,16,12.9993,12.777428900070323,1.4434862021044854,True,13.491643840933904
eyalyakir_beitMansour1_SamsungSM-S911B_15-04-2026_exp5,train,18,down,6.606206896551839,fp,-1,,-0.01843625344904536,0.7930730715749238,False,-0.0523754685058293
eyalyakir_beitMansour1_Xiaomi22101320I_15-04-2026_exp5,train,0,up,20.355103448276054,clean,0,41.73,41.590840654000935,3.8412018656697255,True,41.31431864494806
eyalyakir_beitMansour1_Xiaomi22101320I_15-04-2026_exp5,train,1,down,20.139896551724178,clean,1,-38.5,-41.047317835468604,3.8615900515063464,True,-41.19023292454885
eyalyakir_beitMansour1_Xiaomi22101320I_15-04-2026_exp5,train,2,up,11.191103448275953,clean,2,19.25,17.95743664112071,1.764712043288237,True,17.85081135428571
eyalyakir_beitMansour1_Xiaomi22101320I_15-04-2026_exp5,train,3,up,5.8532758620689265,clean,3,3.8500000000000014,3.9986782303255892,0.8529703052977309,True,3.6889095836784946
eyalyakir_beitMansour1_Xiaomi22101320I_15-04-2026_exp5,train,4,down,5.853275862068813,clean,4,-3.8500000000000014,-4.0304113114033004,0.8602732338827591,True,-3.766143787393929
eyalyakir_beitMansour1_Xiaomi22101320I_15-04-2026_exp5,train,5,down,12.56848275862069,clean,5,-18.1045,-17.853810370606233,1.859496201504279,True,-17.6240082837044
eyalyakir_beitMansour1_Xiaomi22101320I_15-04-2026_exp5,train,6,up,6.908896551724183,clean,6,6.4894,6.498653561421529,1.1620153017967276,False,6.475781146567499
eyalyakir_beitMansour1_Xiaomi22101320I_15-04-2026_exp5,train,7,up,9.386689655172404,clean,7,11.55,11.520697803734954,1.2027680276516575,True,11.26790637182124
eyalyakir_beitMansour1_Xiaomi22101320I_15-04-2026_exp5,train,8,up,7.611103448275912,clean,8,7.699999999999996,7.5933181019184,1.263334373932361,True,7.812962127955245
eyalyakir_beitMansour1_Xiaomi22101320I_15-04-2026_exp5,train,9,up,13.239482758620738,clean,9,16.900000000000006,19.10343448549516,2.0052763885096447,True,19.400827644149516
eyalyakir_beitMansour1_Xiaomi22101320I_15-04-2026_exp5,train,10,down,7.267896551724107,clean,10,-6.200000000000003,-7.525680666274069,0.9537709633678567,True,-7.632410774218627
eyalyakir_beitMansour1_Xiaomi22101320I_15-04-2026_exp5,train,11,down,5.85127586206886,clean,11,-3.8500000000000014,-3.984225402663555,0.8502700074338406,True,-3.811919032197352
eyalyakir_beitMansour1_Xiaomi22101320I_15-04-2026_exp5,train,12,down,8.539517241379258,clean,12,-11.549999999999995,-11.446244058087439,1.1226785807108106,True,-11.594225596072718
eyalyakir_beitMansour1_Xiaomi22101320I_15-04-2026_exp5,train,13,down,12.664103448276023,clean,17,-20.1042,-21.804008128784044,2.0229474489491657,True,-21.917876249371602
eyalyakir_beitMansour1_Xiaomi22101320I_15-04-2026_exp5,train,14,up,21.926103448275853,clean,13,24.6,45.00206719395556,4.108669438158414,True,45.183458561555355
eyalyakir_beitMansour1_Xiaomi22101320I_15-04-2026_exp5,train,15,down,21.665896551724018,clean,14,-43.85,-44.404849131859855,4.1213125951009655,True,-44.80670998132615
eyalyakir_beitMansour1_Xiaomi22101320I_15-04-2026_exp5,train,16,down,10.052482758620727,clean,15,-14.55,-13.337381549376186,1.439797496235838,True,-13.438128777334242
eyalyakir_beitMansour1_Xiaomi22101320I_15-04-2026_exp5,train,17,up,10.03648275862065,clean,16,12.9993,13.4229518194752,1.4962798859789248,True,13.558962426358107
eyalyakir_beitMansour1_Xiaomi22101320I_15-04-2026_exp5,train,18,down,6.635206896552063,fp,-1,,-0.002334951241469378,0.7930730715749238,False,-0.056609848479894254
eyalyakir_beitYitzchakiRaanana_SamsungSM-S911B_15-04-2026_exp6,test,0,down,9.29520689655169,clean,0,49.0667,-4.302796959017383,1.770860057455823,False,0.7081872842150432
eyalyakir_beitYitzchakiRaanana_SamsungSM-S911B_15-04-2026_exp6,test,1,down,7.600103448275945,clean,1,-7.479999999999997,-7.45160819668022,0.8979368254463397,True,-8.045183448364568
eyalyakir_beitYitzchakiRaanana_SamsungSM-S911B_15-04-2026_exp6,test,2,down,9.237896551724248,clean,2,-11.2143,-10.920031302961634,1.1257688494929954,True,-11.461596394994444
eyalyakir_beitYitzchakiRaanana_SamsungSM-S911B_15-04-2026_exp6,test,3,down,5.5740689655174265,clean,3,-3.7399999999999984,-3.56543646949937,0.7937533830527835,True,-4.085359059405718
eyalyakir_beitYitzchakiRaanana_SamsungSM-S911B_15-04-2026_exp6,test,4,down,7.5041034482759414,clean,4,-7.48,-6.830993033525857,1.1646248815868452,True,-7.586802952724241
eyalyakir_beitYitzchakiRaanana_SamsungSM-S911B_15-04-2026_exp6,test,5,down,5.574068965517313,clean,5,-3.7399999999999984,-3.5817426950316555,0.7979110197570153,True,-3.680248226212953
eyalyakir_beitYitzchakiRaanana_SamsungSM-S911B_15-04-2026_exp6,test,6,down,8.944103448275996,clean,6,-10.3703,-10.061371851883454,1.0020566102296162,True,-10.359226863395804
eyalyakir_beitYitzchakiRaanana_SamsungSM-S911B_15-04-2026_exp6,test,7,down,6.55468965517241,clean,7,-5.3634,-4.909787218275604,0.9693320458662225,True,-5.589357457040109
eyalyakir_beitYitzchakiRaanana_SamsungSM-S911B_15-04-2026_exp6,test,8,up,7.753103448275965,clean,8,8.1724,7.298352069217596,1.2085030932425878,True,8.2930288549273
eyalyakir_beitYitzchakiRaanana_SamsungSM-S911B_15-04-2026_exp6,test,9,up,7.4661034482759305,clean,9,7.48,6.824611439437974,1.1568711603590291,True,7.637650784378309
eyalyakir_beitYitzchakiRaanana_SamsungSM-S911B_15-04-2026_exp6,test,10,up,5.555068965517421,clean,10,3.7399999999999984,3.5960943704793804,0.8023831782907369,True,3.7852198112997826
eyalyakir_beitYitzchakiRaanana_SamsungSM-S911B_15-04-2026_exp6,test,11,up,7.466103448276044,clean,11,7.48,6.839750749002147,1.1606125617153116,True,7.709867179592635
eyalyakir_beitYitzchakiRaanana_SamsungSM-S911B_15-04-2026_exp6,test,12,up,9.238896551724224,clean,12,11.220000000000002,10.900489654423735,1.0936788933676735,True,11.355043092412359
eyalyakir_beitYitzchakiRaanana_SamsungSM-S911B_15-04-2026_exp6,test,13,up,7.408103448275824,clean,13,7.479999999999997,6.798612731660342,1.1484017208996538,True,7.214992975733111
eyalyakir_beitYitzchakiRaanana_SamsungSM-S911B_15-04-2026_exp6,test,14,up,5.856275862069197,clean,14,3.740000000000002,3.701475760972342,0.82814375090107,True,4.1354913186623605
eyalyakir_beitYitzchakiRaanana_SamsungSM-S911B_15-04-2026_exp6,test,15,up,5.0096551724134315,fp,-1,,-11.49142585493745,14.967105679029325,False,-0.18542936915585528
eyalyakir_beitYitzchakiRaanana_SamsungSM-S911B_15-04-2026_exp6,test,16,down,9.46310344827566,clean,16,-11.22,-10.92882214707129,1.1206813951554846,True,-11.398714748235776
eyalyakir_beitYitzchakiRaanana_SamsungSM-S911B_15-04-2026_exp6,test,17,down,11.235896551724181,clean,17,-14.96,-14.52676782746829,1.40190920474554,True,-14.99781262988192
eyalyakir_beitYitzchakiRaanana_SamsungSM-S911B_15-04-2026_exp6,test,18,down,13.444896551724241,clean,18,-19.7414,-18.755216628808363,1.829726207769108,True,-19.74256153051948
eyalyakir_beitYitzchakiRaanana_SamsungSM-S911B_15-04-2026_exp6,test,19,up,7.466103448275817,clean,20,7.48,6.765196317440457,1.1442177929372888,True,7.707249916666285
eyalyakir_beitYitzchakiRaanana_SamsungSM-S911B_15-04-2026_exp6,test,20,up,5.555068965517194,clean,21,3.7399999999999984,3.642225667934012,0.8137420586809737,True,3.7593231663531554
eyalyakir_beitYitzchakiRaanana_SamsungSM-S911B_15-04-2026_exp6,test,21,up,13.061896551724203,clean,22,18.7,17.843786256793244,1.7146616713212444,True,19.402753698556097
eyalyakir_beitYitzchakiRaanana_SamsungSM-S911B_15-04-2026_exp6,test,22,up,7.42710344827583,clean,23,7.740000000000002,6.811003384308634,1.152612499681295,True,7.541756281872665
eyalyakir_beitYitzchakiRaanana_SamsungSM-S911B_15-04-2026_exp6,test,23,up,5.689068965516981,clean,24,3.75,3.8796949743054823,0.8694181239173582,True,4.342911273083843
eyalyakir_beitYitzchakiRaanana_SamsungSM-S911B_15-04-2026_exp6,test,24,down,15.173896551724283,clean,25,-22.71,-21.838589957370516,2.089280677912213,True,-23.203639494916757
eyalyakir_beitYitzchakiRaanana_SamsungSM-S911B_15-04-2026_exp6,test,25,down,17.247896551724352,clean,26,-26.18,-26.085840306581154,2.53288695870867,True,-27.666626316567374
eyalyakir_beitYitzchakiRaanana_SamsungSM-S911B_15-04-2026_exp6,test,26,up,28.60089655172419,clean,27,48.89,44.87359709845333,4.275445983902505,True,50.700904313142146
eyalyakir_beitYitzchakiRaanana_SamsungSM-S911B_15-04-2026_exp6,test,27,down,28.073482758620685,clean,28,-48.89,-46.17935609520795,4.747601928123209,True,-50.34849672506955
eyalyakir_beitYitzchakiRaanana_SamsungSM-S911B_15-04-2026_exp6,test,28,down,17.479206896551887,fp,-1,,-0.5679294746452626,40.0,False,-0.8826231465299799
eyalyakir_beitYitzchakiRaanana_SamsungSM-S911B_15-04-2026_exp6,test,29,down,4.119241379310552,fp,-1,,-0.48227951927946255,1.5287543097480225,False,-0.12929535463484854
eyalyakir_beitYitzchakiRaanana_Xiaomi22101320I_15-04-2026_exp6,test,0,down,9.298206896551733,clean,0,49.0667,-4.329940427710112,1.8303301405679215,False,-0.1437049407558959
eyalyakir_beitYitzchakiRaanana_Xiaomi22101320I_15-04-2026_exp6,test,1,down,7.776310344827493,clean,1,-7.479999999999997,-7.542468074086069,1.2275257689865806,True,-7.993375821226877
eyalyakir_beitYitzchakiRaanana_Xiaomi22101320I_15-04-2026_exp6,test,2,down,9.435103448275981,clean,2,-11.2143,-11.299197547759935,1.124474535387793,True,-11.2851766636077
eyalyakir_beitYitzchakiRaanana_Xiaomi22101320I_15-04-2026_exp6,test,3,down,5.584068965517304,clean,3,-3.7399999999999984,-3.7815992172040285,0.8395128113180907,True,-3.927493125125011
eyalyakir_beitYitzchakiRaanana_Xiaomi22101320I_15-04-2026_exp6,test,4,down,7.487103448275889,clean,4,-7.48,-7.181265140196558,1.2199580891868829,True,-7.446558123504687
eyalyakir_beitYitzchakiRaanana_Xiaomi22101320I_15-04-2026_exp6,test,5,down,5.584068965517304,clean,5,-3.7399999999999984,-3.76756001819011,0.8368934072044476,True,-3.681050488446459
eyalyakir_beitYitzchakiRaanana_Xiaomi22101320I_15-04-2026_exp6,test,6,down,8.935103448275981,clean,6,-10.3703,-10.44282033987686,1.0328684071043504,True,-10.289639856299374
eyalyakir_beitYitzchakiRaanana_Xiaomi22101320I_15-04-2026_exp6,test,7,down,6.557689655172453,clean,7,-5.3634,-5.558489158274651,1.0368341198643236,True,-5.509206372056084
eyalyakir_beitYitzchakiRaanana_Xiaomi22101320I_15-04-2026_exp6,test,8,up,7.764103448275932,clean,8,8.1724,8.253215569986653,0.8414693165190045,True,8.24857643153554
eyalyakir_beitYitzchakiRaanana_Xiaomi22101320I_15-04-2026_exp6,test,9,up,7.446103448275949,clean,9,7.48,7.164215302889734,1.2107939849019307,True,7.513786185605127
eyalyakir_beitYitzchakiRaanana_Xiaomi22101320I_15-04-2026_exp6,test,10,up,5.5630689655173455,clean,10,3.7399999999999984,3.7833490841844504,0.8435402170836928,True,3.73773474663237
eyalyakir_beitYitzchakiRaanana_Xiaomi22101320I_15-04-2026_exp6,test,11,up,7.467103448275907,clean,11,7.48,7.216702918985205,1.220303467636734,True,7.5837317336539485
eyalyakir_beitYitzchakiRaanana_Xiaomi22101320I_15-04-2026_exp6,test,12,up,9.412103448275843,clean,12,11.220000000000002,11.310467254643106,1.0931076593981537,True,11.279980837261618
eyalyakir_beitYitzchakiRaanana_Xiaomi22101320I_15-04-2026_exp6,test,13,up,7.406103448275871,clean,13,7.479999999999997,7.142461805336742,1.2043754102897135,True,7.143381645572035
eyalyakir_beitYitzchakiRaanana_Xiaomi22101320I_15-04-2026_exp6,test,14,up,5.847275862069182,clean,14,3.740000000000002,4.252059903713259,0.8920710853111504,True,4.206991227687013
eyalyakir_beitYitzchakiRaanana_Xiaomi22101320I_15-04-2026_exp6,test,15,up,4.645448275862009,fp,-1,,-0.48269309035149477,40.0,False,-0.5519975109485529
eyalyakir_beitYitzchakiRaanana_Xiaomi22101320I_15-04-2026_exp6,test,16,down,9.454103448275646,clean,16,-11.22,-11.283706940533289,1.1302748955501132,True,-11.34698471638508
eyalyakir_beitYitzchakiRaanana_Xiaomi22101320I_15-04-2026_exp6,test,17,down,11.236896551724158,clean,17,-14.96,-15.08445196464649,1.4558677143328853,True,-14.93982929502559
eyalyakir_beitYitzchakiRaanana_Xiaomi22101320I_15-04-2026_exp6,test,18,down,13.459896551724341,clean,18,-19.7414,-19.4199664272586,1.8379725947269943,True,-19.478870642795755
eyalyakir_beitYitzchakiRaanana_Xiaomi22101320I_15-04-2026_exp6,test,19,up,7.508103448275733,clean,23,7.740000000000002,7.188351359828091,1.2140532391723695,True,7.592167907654769
eyalyakir_beitYitzchakiRaanana_Xiaomi22101320I_15-04-2026_exp6,test,20,down,19.025034482758656,fp,-1,,22.502099670372782,9.837742066884429,False,1.3228298994637555
eyalyakir_milleniumHotel_SamsungSM-A235F_15-04-2026_exp1,train,0,down,3.320206896551724,fp,-1,,-0.14781534420278,0.7930730715749238,False,-2.266649818253896
eyalyakir_milleniumHotel_SamsungSM-A235F_15-04-2026_exp1,train,1,up,16.523413793103444,fp,-1,,45.092960285012516,40.0,False,0.14395185335872895
eyalyakir_milleniumHotel_SamsungSM-A235F_15-04-2026_exp1,train,2,down,4.038999999999987,fp,-1,,-0.2604740901967691,8.222677090176918,False,-0.3835180212378404
eyalyakir_milleniumHotel_SamsungSM-A235F_15-04-2026_exp1,train,3,up,3.791206896552012,fp,-1,,-0.01607132976145302,3.246528394010125,False,-0.2069455741088717
eyalyakir_milleniumHotel_SamsungSM-S911B_15-04-2026_exp1,train,0,down,7.471206896552076,fp,-1,,-0.24420857820627886,0.7930730715749238,False,-0.22851219616706686
eyalyakir_milleniumHotel_SamsungSM-S911B_15-04-2026_exp1,train,1,down,26.221655172413648,clean,7,40.95,40.21789896008814,5.218003091422462,True,41.43805935799854
eyalyakir_milleniumHotel_SamsungSM-S911B_15-04-2026_exp1,train,2,down,10.556862068965529,clean,8,13.299999999999995,13.268863100416116,1.6987312052610053,True,13.75080485678643
eyalyakir_milleniumHotel_SamsungSM-S911B_15-04-2026_exp1,train,3,down,8.32724137931018,clean,9,10.050000000000011,10.045358273614665,1.4386906036375247,True,10.42246757910516
eyalyakir_milleniumHotel_SamsungSM-S911B_15-04-2026_exp2,train,0,down,3.4572068965517246,fp,-1,,-0.5718041086877262,1.819710645629508,False,-1.4459462618801382
eyalyakir_milleniumHotel_SamsungSM-S911B_15-04-2026_exp2,train,1,down,7.1184827586207575,clean,0,-6.999999999999993,-6.728359789140095,0.8779473054985647,True,-7.067879700736285
eyalyakir_milleniumHotel_SamsungSM-S911B_15-04-2026_exp2,train,2,down,19.686275862068896,clean,1,-28.875,-27.83006757267044,3.0967663595963244,True,-28.907340460386038
eyalyakir_milleniumHotel_SamsungSM-S911B_15-04-2026_exp2,train,3,down,9.832275862068968,clean,2,-11.55,-11.332090618355844,1.3035882458811563,True,-11.732301039043662
eyalyakir_milleniumHotel_SamsungSM-S911B_15-04-2026_exp2,train,4,down,12.809275862068944,clean,3,-16.8,-16.301172842748926,1.844427383138229,True,-16.84645998059964
eyalyakir_milleniumHotel_SamsungSM-S911B_15-04-2026_exp2,train,5,up,10.390275862068961,clean,4,12.6,12.29879656210497,1.4341061036493423,True,12.959798402436242
eyalyakir_milleniumHotel_SamsungSM-S911B_15-04-2026_exp2,train,6,up,5.876275862068837,clean,5,4.200000000000001,3.898173038197819,0.8284746772918918,True,4.379428984408108
eyalyakir_milleniumHotel_SamsungSM-S911B_15-04-2026_exp2,train,7,up,6.862689655172403,clean,6,6.199999999999999,5.883313011046836,0.7930730715749238,True,6.4477626006467545
eyalyakir_milleniumHotel_SamsungSM-S911B_15-04-2026_exp2,train,8,up,6.4786896551723885,clean,7,5.350000000000001,4.848128137928874,0.968673184424908,True,5.421652021439641
eyalyakir_milleniumHotel_SamsungSM-S911B_15-04-2026_exp2,train,9,up,8.347482758620686,clean,8,8.924999999999997,8.681230874195181,1.0558666701657298,True,9.308800912866232
eyalyakir_milleniumHotel_SamsungSM-S911B_15-04-2026_exp2,train,10,up,10.793275862068867,clean,24,13.3,12.77395741397792,1.45642558689488,True,13.357044120666544
eyalyakir_milleniumHotel_SamsungSM-S911B_15-04-2026_exp2,train,11,up,5.555068965517307,clean,9,3.325000000000003,3.2528330142116846,0.7930730715749238,True,3.467697001287803
eyalyakir_milleniumHotel_SamsungSM-S911B_15-04-2026_exp2,train,12,up,8.968275862068936,clean,10,9.975,9.682407967762927,1.1334965786180307,True,10.024580986316849
eyalyakir_milleniumHotel_SamsungSM-S911B_15-04-2026_exp2,train,13,up,5.416206896551671,clean,11,-41.125,3.204329376124237,1.6521160901943017,False,0.26587023143729027
eyalyakir_milleniumHotel_SamsungSM-S911B_15-04-2026_exp2,train,14,up,6.017068965516955,clean,12,5.428,5.272926322329956,0.7930730715749238,True,5.610956043030214
eyalyakir_milleniumHotel_SamsungSM-S911B_15-04-2026_exp2,train,15,up,23.654862068965485,clean,13,34.65,35.07986367284846,4.464141756709891,True,36.04184991353941
eyalyakir_milleniumHotel_SamsungSM-S911B_15-04-2026_exp2,train,16,down,26.766862068965565,clean,14,-40.95,-40.15296773707691,5.1985139626543,True,-41.56096990414187
eyalyakir_milleniumHotel_SamsungSM-S911B_15-04-2026_exp2,train,17,up,6.016068965517206,clean,15,6.3,5.189559469401527,0.7930730715749238,True,5.524683630395728
eyalyakir_milleniumHotel_SamsungSM-S911B_15-04-2026_exp2,train,18,down,5.978068965516968,clean,16,-6.3,-5.047003962518987,0.7930730715749238,True,-5.41981342426466
eyalyakir_milleniumHotel_SamsungSM-S911B_15-04-2026_exp2,train,19,up,6.016068965517206,clean,17,6.3,5.1990039444478855,0.7930730715749238,True,5.557911302795944
eyalyakir_milleniumHotel_SamsungSM-S911B_15-04-2026_exp2,train,20,up,9.920862068965562,clean,18,12.287,11.938611400443376,1.5605019560525843,True,12.467777266109508
eyalyakir_milleniumHotel_SamsungSM-S911B_15-04-2026_exp2,train,21,up,8.595862068965516,clean,19,10.950000000000005,9.737409974681288,1.2915493295109248,True,9.976455266838485
eyalyakir_milleniumHotel_SamsungSM-S911B_15-04-2026_exp2,train,22,up,5.100862068965398,clean,25,3.3999999999999986,3.1267670896660285,0.8098002308810919,True,3.382433642529577
eyalyakir_milleniumHotel_SamsungSM-S911B_15-04-2026_exp2,train,23,up,6.669068965517226,clean,26,5.350000000000001,6.505929576565022,0.880478267112626,True,6.669195347357842
eyalyakir_milleniumHotel_SamsungSM-S911B_15-04-2026_exp2,train,24,up,5.363068965517186,clean,20,3.324999999999996,3.615511090307708,0.8726414552917561,True,3.7098438928259583
eyalyakir_milleniumHotel_SamsungSM-S911B_15-04-2026_exp2,train,25,down,5.157862068965642,clean,21,-3.324999999999996,-3.587195554429481,0.8666017022946556,True,-3.7655147678579652
eyalyakir_milleniumHotel_SamsungSM-S911B_15-04-2026_exp2,train,26,down,5.061862068965638,clean,27,-3.1889,-3.064200120469614,0.7949264052530144,True,-3.2025396407548214
eyalyakir_milleniumHotel_SamsungSM-S911B_15-04-2026_exp2,train,27,down,6.502862068965669,clean,28,-6.199999999999999,-6.361859796624771,0.8705079614914033,True,-6.7655373258693885
eyalyakir_milleniumHotel_SamsungSM-S911B_15-04-2026_exp2,train,28,down,12.271655172413602,clean,29,-16.8,-16.126602275031225,2.1038688485912966,True,-16.70451312408332
eyalyakir_milleniumHotel_SamsungSM-S911B_15-04-2026_exp2,train,29,down,6.11206896551721,clean,30,-5.5728,-5.367591054524893,0.7930730715749238,True,-5.632117708332871
eyalyakir_milleniumHotel_SamsungSM-S911B_15-04-2026_exp2,train,30,down,5.9970689655169735,clean,22,-5.600000000000001,-5.068394903537916,0.7930730715749238,True,-5.468843940224048
eyalyakir_milleniumHotel_SamsungSM-S911B_15-04-2026_exp2,train,31,down,15.939655172413495,clean,23,-22.05,-22.27716004223132,2.8596423653474714,True,-23.187421352461563
eyalyakir_milleniumHotel_Xiaomi22101320I_15-04-2026_exp2,train,0,down,3.468206896551692,fp,-1,,-0.363458004340834,2.3886751026577633,False,-1.3911838601522248
eyalyakir_milleniumHotel_Xiaomi22101320I_15-04-2026_exp2,train,1,down,7.123482758620639,clean,0,-6.999999999999993,-7.026832897171537,0.8991269826891198,True,-7.067879700736285
eyalyakir_milleniumHotel_Xiaomi22101320I_15-04-2026_exp2,train,2,down,19.697275862068864,clean,1,-28.875,-28.89867216939347,3.214195165775715,True,-28.941198270812748
eyalyakir_milleniumHotel_Xiaomi22101320I_15-04-2026_exp2,train,3,down,9.816275862068892,clean,2,-11.55,-11.756550641934076,1.34511996805574,True,-11.732301039043662
eyalyakir_milleniumHotel_Xiaomi22101320I_15-04-2026_exp2,train,4,down,12.790275862068825,clean,3,-16.8,-16.92131192467986,1.894569279586155,True,-16.852128390516867
eyalyakir_milleniumHotel_Xiaomi22101320I_15-04-2026_exp2,train,5,up,10.391275862068937,clean,4,12.6,12.787398100428733,1.4656337789046916,True,12.959798402436242
eyalyakir_milleniumHotel_Xiaomi22101320I_15-04-2026_exp2,train,6,up,5.847275862068841,clean,5,4.200000000000001,4.091005478672468,0.8699635818735998,True,4.350032588460593
eyalyakir_milleniumHotel_Xiaomi22101320I_15-04-2026_exp2,train,7,up,6.853689655172502,clean,6,6.199999999999999,6.027266091664415,1.0955809122367963,True,6.4477626006467545
eyalyakir_milleniumHotel_Xiaomi22101320I_15-04-2026_exp2,train,8,up,6.476689655172436,clean,7,5.350000000000001,5.4972454772367225,1.043776591214801,True,5.421652021439641
eyalyakir_milleniumHotel_Xiaomi22101320I_15-04-2026_exp2,train,9,up,8.354482758620634,clean,8,8.924999999999997,9.037513500724106,1.0800054347653996,True,9.308800912866232
eyalyakir_milleniumHotel_Xiaomi22101320I_15-04-2026_exp2,train,10,up,10.785275862068943,clean,24,13.3,13.399778834844906,1.49634960027564,True,13.357044120666544
eyalyakir_milleniumHotel_Xiaomi22101320I_15-04-2026_exp2,train,11,up,5.542068965517387,clean,9,3.325000000000003,3.4016176871871604,0.7930730715749238,True,3.4877636295591543
eyalyakir_milleniumHotel_Xiaomi22101320I_15-04-2026_exp2,train,12,up,8.96627586206887,clean,10,9.975,10.078016940721565,1.1794817062119813,True,10.02605781762361
eyalyakir_milleniumHotel_Xiaomi22101320I_15-04-2026_exp2,train,13,down,26.83127586206888,clean,11,-41.125,-41.27138434730046,4.476623521282317,True,-41.42985574278502
eyalyakir_milleniumHotel_Xiaomi22101320I_15-04-2026_exp2,train,14,up,6.019068965517135,clean,12,5.428,5.403446160800219,0.7930730715749238,True,5.610956043030214
eyalyakir_milleniumHotel_Xiaomi22101320I_15-04-2026_exp2,train,15,up,23.64086206896559,clean,13,34.65,35.935570764405625,4.5288819367514614,True,36.04184991353941
eyalyakir_milleniumHotel_Xiaomi22101320I_15-04-2026_exp2,train,16,down,26.753862068965645,clean,14,-40.95,-40.72708002822739,5.081069694991834,True,-41.55234778432305
eyalyakir_milleniumHotel_Xiaomi22101320I_15-04-2026_exp2,train,17,up,6.00006896551713,clean,15,6.3,5.3633986710885235,0.7930730715749238,True,5.524683630395728
eyalyakir_milleniumHotel_Xiaomi22101320I_15-04-2026_exp2,train,18,down,6.00006896551713,clean,16,-6.3,-5.330709070978265,0.7930730715749238,True,-5.41981342426466
eyalyakir_milleniumHotel_Xiaomi22101320I_15-04-2026_exp2,train,19,up,6.019068965517135,clean,17,6.3,5.40770389241137,0.7930730715749238,True,5.575862217225406
eyalyakir_milleniumHotel_Xiaomi22101320I_15-04-2026_exp2,train,20,up,9.92386206896549,clean,18,12.287,12.35636210179519,1.6119193736684307,True,12.467777266109508
eyalyakir_milleniumHotel_Xiaomi22101320I_15-04-2026_exp2,train,21,up,8.610862068965616,clean,19,10.950000000000005,10.107285878731219,1.2850362958519257,True,9.976455266838485
eyalyakir_milleniumHotel_Xiaomi22101320I_15-04-2026_exp2,train,22,up,5.099862068965649,clean,25,3.3999999999999986,3.2514253107438265,0.8427253820456584,True,3.382433642529577
eyalyakir_milleniumHotel_Xiaomi22101320I_15-04-2026_exp2,train,23,up,6.658068965517032,clean,26,5.350000000000001,6.673208141692024,0.9065923688204471,True,6.678497461993004
eyalyakir_milleniumHotel_Xiaomi22101320I_15-04-2026_exp2,train,24,up,5.34706896551711,clean,20,3.324999999999996,3.7968722467602327,0.9139919466789419,True,3.7272729549703882
eyalyakir_milleniumHotel_Xiaomi22101320I_15-04-2026_exp2,train,25,down,5.327068965517128,clean,21,-3.324999999999996,-3.731422013808118,0.9017891314146407,True,-3.720082600244396
eyalyakir_milleniumHotel_Xiaomi22101320I_15-04-2026_exp2,train,26,down,5.080862068965644,clean,27,-3.1889,-3.2065700474495697,0.8296040586953224,True,-3.2161237563083915
eyalyakir_milleniumHotel_Xiaomi22101320I_15-04-2026_exp2,train,27,down,6.657068965517055,clean,28,-6.199999999999999,-6.684257052704703,0.9030517277477565,True,-6.775144385260347
eyalyakir_milleniumHotel_Xiaomi22101320I_15-04-2026_exp2,train,28,down,12.280655172413617,clean,29,-16.8,-16.595442098035665,2.1403982566577815,True,-16.700884137157118
eyalyakir_milleniumHotel_Xiaomi22101320I_15-04-2026_exp2,train,29,down,6.080068965517057,clean,30,-5.5728,-5.5701904444981185,0.7930730715749238,True,-5.612684855823133
eyalyakir_milleniumHotel_Xiaomi22101320I_15-04-2026_exp2,train,30,down,5.9810689655171245,clean,22,-5.600000000000001,-5.321895524511865,0.7930730715749238,True,-5.468843940224048
eyalyakir_milleniumHotel_Xiaomi22101320I_15-04-2026_exp2,train,31,down,16.102862068965578,clean,23,-22.05,-22.947105189478307,2.937934422541045,True,-23.252783685040058
eyalyakir_milleniumOutside_SamsungSM-S911B_15-04-2026_exp3,train,0,up,10.837068965517247,clean,0,12.777444193725271,12.254541977777741,1.4865770956940443,True,12.546113311840827
eyalyakir_milleniumOutside_SamsungSM-S911B_15-04-2026_exp3,train,1,down,5.33086206896553,clean,1,-3.412756191847677,-2.9911011709649387,0.7930730715749238,True,-3.2630831677410868
eyalyakir_milleniumOutside_SamsungSM-S911B_15-04-2026_exp3,train,2,up,5.497068965517229,clean,2,3.428123033694717,2.9954016295355195,0.7930730715749238,True,3.5193336814490266
eyalyakir_milleniumOutside_SamsungSM-S911B_15-04-2026_exp3,train,3,up,5.89427586206898,clean,3,4.182211224990411,4.075545688271519,0.8662663784552247,True,4.18109755571993
eyalyakir_milleniumOutside_SamsungSM-S911B_15-04-2026_exp3,train,4,up,6.894275862068952,clean,4,6.231132201261616,6.073975939049273,0.7930730715749238,True,6.503502253372716
eyalyakir_milleniumOutside_SamsungSM-S911B_15-04-2026_exp3,train,5,down,6.875275862068946,clean,5,-6.346494271686126,-6.081720729785689,0.8137042754625798,True,-6.347576010180575
eyalyakir_milleniumOutside_SamsungSM-S911B_15-04-2026_exp3,train,6,down,9.478862068965526,clean,6,-10.911797942609724,-10.281299599900127,1.2795301795769904,True,-10.637241662203948
eyalyakir_milleniumOutside_SamsungSM-S911B_15-04-2026_exp3,train,7,down,6.779275862068943,clean,7,-6.21694641445859,-5.892903879856259,0.7930730715749238,True,-6.116744960919149
eyalyakir_milleniumOutside_SamsungSM-S911B_15-04-2026_exp3,train,8,up,17.34806896551723,clean,8,23.36346424783879,22.29233380011374,2.652796801018321,True,23.345354708177794
eyalyakir_milleniumOutside_SamsungSM-S911B_15-04-2026_exp3,train,9,down,6.893275862069004,clean,9,-6.25158268561222,-6.0410066338712705,0.7988299998985434,True,-6.033068032754997
eyalyakir_milleniumOutside_SamsungSM-S911B_15-04-2026_exp3,train,10,down,9.479862068965474,clean,10,-10.895782813511346,-10.306477642115572,1.284320681930033,True,-10.87165389578027
eyalyakir_milleniumOutside_SamsungSM-S911B_15-04-2026_exp3,train,11,down,6.778275862068995,clean,11,-6.17184394354895,-5.889703175811765,0.7930730715749238,True,-6.4382598329237055
eyalyakir_milleniumOutside_Xiaomi22101320I_15-04-2026_exp3,train,0,up,10.84206896551725,clean,0,12.777444193725271,12.597114056135137,1.5256230561045339,True,12.546113311840827
eyalyakir_milleniumOutside_Xiaomi22101320I_15-04-2026_exp3,train,1,down,5.50306896551723,clean,1,-3.412756191847677,-3.449139187614721,0.7930730715749238,False,-3.1101240267161643
eyalyakir_milleniumOutside_Xiaomi22101320I_15-04-2026_exp3,train,2,up,5.482068965517243,clean,2,3.428123033694717,3.4520436228974165,0.7930730715749238,True,3.5689875616489957
eyalyakir_milleniumOutside_Xiaomi22101320I_15-04-2026_exp3,train,3,up,5.907275862068971,clean,3,4.182211224990411,4.286001421693519,0.905884901131811,True,4.170360519068936
eyalyakir_milleniumOutside_Xiaomi22101320I_15-04-2026_exp3,train,4,up,6.879275862068937,clean,4,6.231132201261616,6.215945446074281,0.7930730715749238,True,6.512121204968594
eyalyakir_milleniumOutside_Xiaomi22101320I_15-04-2026_exp3,train,5,down,6.879275862068965,clean,5,-6.346494271686126,-6.190995670428204,0.8168241191272544,True,-6.342575211394845
eyalyakir_milleniumOutside_Xiaomi22101320I_15-04-2026_exp3,train,6,down,9.650068965517221,clean,6,-10.911797942609724,-10.635655497400883,1.2604017143113162,True,-10.533168424905469
eyalyakir_milleniumOutside_Xiaomi22101320I_15-04-2026_exp3,train,7,down,6.759275862068932,clean,7,-6.21694641445859,-6.044518822769697,0.7930730715749238,True,-6.085861390071173
eyalyakir_milleniumOutside_Xiaomi22101320I_15-04-2026_exp3,train,8,up,17.365068965517224,clean,8,23.36346424783879,23.11815203530805,2.6815681198133396,True,23.357515800544434
eyalyakir_milleniumOutside_Xiaomi22101320I_15-04-2026_exp3,train,9,down,6.879275862068994,clean,9,-6.25158268561222,-6.220869794549582,0.8100950727717005,True,-6.046018750356595
eyalyakir_milleniumOutside_Xiaomi22101320I_15-04-2026_exp3,train,10,down,9.651068965517254,clean,10,-10.895782813511346,-10.636338506953507,1.2613385597651343,True,-10.83789803020818
eyalyakir_milleniumOutside_Xiaomi22101320I_15-04-2026_exp3,train,11,down,6.761275862068999,clean,11,-6.17184394354895,-6.120045953558884,0.814967612761578,True,-6.423146698572296
RoyTurgeman_Haari3_SamsungGalaxyZFlip6_10-4-2026,train,0,down,3.9668275862068896,fp,-1,,-0.10690918633891044,0.7930730715749238,False,0.21864560318090298
RoyTurgeman_Haari3_SamsungGalaxyZFlip6_10-4-2026,train,1,up,9.276482758620695,clean,1,6.0,5.706314369475654,0.9749563534405313,True,5.815103693134262
RoyTurgeman_Haari3_SamsungGalaxyZFlip6_10-4-2026,train,2,up,9.635482758620682,clean,2,6.0,6.0697517777486665,0.9417955610958738,True,6.214359108341718
RoyTurgeman_Haari3_SamsungGalaxyZFlip6_10-4-2026,train,3,down,6.782689655172419,clean,3,-3.0,-2.6667638199094617,0.7930730715749238,True,-2.9789880560825353
RoyTurgeman_Haari3_SamsungGalaxyZFlip6_10-4-2026,train,4,down,9.556482758620675,clean,4,-6.0,-5.929154299559088,0.8161742151204081,True,-6.119003055357979
RoyTurgeman_Haari3_SamsungGalaxyZFlip6_10-4-2026,train,5,down,9.314482758620699,clean,5,-6.0,-5.800109818372197,0.7930730715749238,True,-5.941991281954657
RoyTurgeman_Haari3_SamsungGalaxyZFlip6_10-4-2026,train,6,down,6.660689655172405,clean,6,-3.0,-2.514476558204066,0.7930730715749238,True,-2.690617204318521
RoyTurgeman_Haari3_SamsungGalaxyZFlip6_10-4-2026,train,7,up,20.255827586206863,clean,7,18.0,13.806459507021454,2.5440135016399115,True,17.57434775476396
RoyTurgeman_Haari3_SamsungGalaxyZFlip6_10-4-2026,train,8,down,6.782689655172419,clean,8,-3.0,-2.6030467041332823,0.7930730715749238,True,-2.913358695246643
RoyTurgeman_Haari3_SamsungGalaxyZFlip6_10-4-2026,train,9,down,6.781689655172386,clean,9,-3.0,-2.6383853301371283,0.7930730715749238,True,-3.033820900753689
RoyTurgeman_Haari3_SamsungGalaxyZFlip6_10-4-2026,train,10,down,6.515482758620635,clean,10,-3.0,-2.557818713912631,0.7930730715749238,True,-2.7937713230347185
RoyTurgeman_Haari3_SamsungGalaxyZFlip6_10-4-2026,train,11,down,6.722689655172417,clean,11,-3.0,-2.5741582716646607,0.7930730715749238,True,-2.8444635929003823
RoyTurgeman_Haari3_SamsungGalaxyZFlip6_10-4-2026,train,12,down,6.761689655172404,clean,12,-3.0,-2.571555222217224,0.7930730715749238,True,-2.972235073082608
RoyTurgeman_Haari3_SamsungGalaxyZFlip6_10-4-2026,train,13,down,6.660689655172405,clean,13,-3.0,-2.485504687085772,0.7930730715749238,True,-2.6768357877123563
RoyTurgeman_Haari3_SamsungGalaxyZFlip6_10-4-2026,train,14,up,6.720689655172407,clean,14,3.0,2.4558805831176467,0.7930730715749238,True,2.6110810671972793
RoyTurgeman_Haari3_SamsungGalaxyZFlip6_10-4-2026,train,15,up,6.800689655172391,clean,15,3.0,2.5841788787386344,0.7930730715749238,True,2.98585695562641
RoyTurgeman_Haari3_SamsungGalaxyZFlip6_10-4-2026,train,16,up,4.388206896551651,clean,16,3.0,1.8056260762121965,0.7930730715749238,False,2.5601165329274878
RoyTurgeman_Haari3_SamsungGalaxyZFlip6_10-4-2026,train,17,up,6.780689655172466,clean,17,3.0,2.582022602831263,0.7930730715749238,True,3.0049040070221054
RoyTurgeman_Haari3_SamsungGalaxyZFlip6_10-4-2026,train,18,up,6.82068965517243,clean,18,3.0,2.9511381654901263,0.7930730715749238,True,3.0371515037710353
RoyTurgeman_Haari3_SamsungGalaxyZFlip6_10-4-2026,train,19,up,6.844689655172374,clean,19,3.0,2.9057617406409357,0.7930730715749238,True,3.0105696204363994
RoyTurgeman_Haari3_SamsungGalaxyZFlip6_10-4-2026,train,20,down,21.62048275862071,clean,20,-18.0,-17.481784421069687,1.9984950172359206,True,-17.845320953604535
RoyTurgeman_Haari3_SamsungGalaxyZFlip6_10-4-2026,train,21,up,6.493482758620644,clean,21,3.0,2.4944892587640366,0.7930730715749238,True,2.596883830916216
RoyTurgeman_Haari3_SamsungGalaxyZFlip6_10-4-2026,train,22,up,6.7426896551723985,clean,22,3.0,2.6241456911974583,0.7930730715749238,True,2.965644620291357
RoyTurgeman_Haari3_SamsungGalaxyZFlip6_10-4-2026,train,23,up,6.800689655172391,clean,23,3.0,2.5401468144683657,0.7930730715749238,True,2.9664193404202734
RoyTurgeman_Haari3_SamsungGalaxyZFlip6_10-4-2026,train,24,up,27.437206896551743,clean,24,6.0,83.79097718090884,18.224945918970324,False,2.6235308630886465
RoyTurgeman_Haari3_SamsungGalaxyZFlip6_10-4-2026,train,25,up,6.800689655172505,clean,25,3.0,2.604588302003126,0.7930730715749238,True,3.1382557987947735
RoyTurgeman_Haari3_SamsungGalaxyZFlip6_10-4-2026,train,26,down,7.147896551724216,clean,27,-2.5,-2.811801597930561,0.7930730715749238,True,-3.0108827070373465
RoyTurgeman_Haari3_SamsungGalaxyZFlip6_10-4-2026,train,27,down,5.14620689655203,clean,29,-3.0,-2.26032763582797,0.7930730715749238,False,-2.8386405258081737
RoyTurgeman_Haari3_SamsungGalaxyZFlip6_10-4-2026,train,28,up,6.148206896551983,clean,31,-3.0,1.2985198885756983,1.2903638855488244,False,-1.5917382496845107
RoyTurgeman_Haari3_SamsungGalaxyZFlip6_10-4-2026,train,29,up,13.533827586207053,fp,-1,,-1.4891483948529614,2.283654558851873,False,-1.549887127983709
RoyTurgeman_Haari3_SamsungGalaxyZFlip6_10-4-2026,train,30,down,18.459413793103522,fp,-1,,2.9273993464074883,1.099901223556477,False,-0.0172206968627151
RoyTurgeman_Haari3_SamsungGalaxyZFlip6_10-4-2026,train,31,down,13.529206896551841,clean,34,-12.0,-9.006320781872974,1.8856722370868768,True,-11.776747273780806
RoyTurgeman_Haari3_SamsungGalaxyZFlip6_10-4-2026,train,32,down,27.16399999999976,clean,35,9.0,-37.91283904647451,5.871942061270764,False,0.6450928766056094
RoyTurgeman_Haari3_SamsungGalaxyZFlip6_10-4-2026,train,33,up,9.63848275862074,clean,36,5.5,6.218416506584138,0.9832776647248644,True,6.118286008017591
RoyTurgeman_Haari3_SamsungGalaxyZFlip6_10-4-2026,train,34,down,5.806448275862067,entangled,37,-11.5,-3.055463838203586,1.239286345815501,False,-2.9451319621464833
RoyTurgeman_Haari3_SamsungGalaxyZFlip6_10-4-2026,train,35,down,12.578482758620567,entangled,37,-11.5,-8.732906013916415,1.1035412690650734,True,-9.13446124867611
RoyTurgeman_Haari3_SamsungGalaxyZFlip6_10-4-2026,train,36,up,4.883448275862065,clean,38,-9.0,-22.687310239558528,18.654665778640926,False,-4.096161757312068
UriyaCohenEliya_acroBuilding_GooglePixel10_15-04-2026_exp4,train,0,up,17.552103448275943,clean,0,27.0788,26.64322440645463,2.4258554873932243,True,27.22852846384032
UriyaCohenEliya_acroBuilding_GooglePixel10_15-04-2026_exp4,train,1,down,11.695103448275859,clean,1,-15.639999999999995,-15.181701133806747,1.4281220531753929,True,-15.495491056206447
UriyaCohenEliya_acroBuilding_GooglePixel10_15-04-2026_exp4,train,2,down,6.102482758620681,clean,2,-3.7073,-3.5538562258538833,0.7930730715749238,True,-3.6019413305667456
UriyaCohenEliya_acroBuilding_GooglePixel10_15-04-2026_exp4,train,3,up,11.575103448275968,clean,3,15.1485,14.88635246276302,1.4177607409913595,True,15.912457985914429
UriyaCohenEliya_acroBuilding_GooglePixel10_15-04-2026_exp4,train,4,up,9.695310344827476,clean,4,11.172,11.185514194829814,1.1027645613556405,True,11.969374770396826
UriyaCohenEliya_acroBuilding_GooglePixel10_15-04-2026_exp4,train,5,down,13.681103448275849,clean,5,-15.639999999999995,-18.99553769772196,1.7576200807989766,True,-19.66451954462225
UriyaCohenEliya_acroBuilding_GooglePixel10_15-04-2026_exp4,train,6,down,7.090689655172355,clean,6,-7.82,-7.362759839513204,0.9560117766119264,True,-7.411295300591178
UriyaCohenEliya_acroBuilding_GooglePixel10_15-04-2026_exp4,train,7,down,7.150689655172414,clean,7,-7.82,-7.5407542783919475,0.9726001731451223,True,-7.564934299897871
UriyaCohenEliya_acroBuilding_GooglePixel10_15-04-2026_exp4,train,8,up,19.0584827586207,clean,8,25.78,31.036855851179975,3.2220512100228333,True,32.001039895219236
UriyaCohenEliya_acroBuilding_GooglePixel10_15-04-2026_exp4,train,9,down,19.518103448275724,clean,9,-31.28,-30.36258027538506,2.845289786667899,True,-30.862381941385777
UriyaCohenEliya_acroBuilding_GooglePixel10_15-04-2026_exp4,train,10,up,15.526103448275762,clean,10,23.5313,22.688545816624778,2.1091968701348685,True,24.185516231778948
UriyaCohenEliya_acroBuilding_GooglePixel10_15-04-2026_exp4,train,11,down,15.586103448275708,clean,11,-22.5398,-22.791453626502687,2.1016188790646684,True,-23.527117923467102
UriyaCohenEliya_acroBuilding_SamsungSM-A235F_15-04-2026_exp4,train,0,down,20.952,fp,-1,,10.274286923124434,16.923147246885478,False,0.1245504247007716
UriyaCohenEliya_acroBuilding_SamsungSM-A235F_15-04-2026_exp4,train,1,up,17.589103448275978,clean,0,27.0788,26.791115745975105,2.464858665294405,True,27.77390519310339
UriyaCohenEliya_acroBuilding_SamsungSM-A235F_15-04-2026_exp4,train,2,down,11.598103448275879,clean,1,-15.639999999999995,-15.13860330610316,1.432496185191848,True,-15.428874634938452
UriyaCohenEliya_acroBuilding_SamsungSM-A235F_15-04-2026_exp4,train,3,down,6.1034827586206575,clean,2,-3.7073,-3.5886698238808505,0.7930730715749238,True,-3.690228464773611
UriyaCohenEliya_acroBuilding_SamsungSM-A235F_15-04-2026_exp4,train,4,up,11.635103448276027,clean,3,15.1485,15.207818614335958,1.435571705200804,True,15.741355228347132
UriyaCohenEliya_acroBuilding_SamsungSM-A235F_15-04-2026_exp4,train,5,up,9.74931034482745,clean,4,11.172,11.205873684772788,1.084236316201237,True,11.621426213624034
UriyaCohenEliya_acroBuilding_SamsungSM-A235F_15-04-2026_exp4,train,6,down,13.632103448275984,clean,5,-15.639999999999995,-19.109880307656177,1.7780374742548894,True,-19.617078786831783
UriyaCohenEliya_acroBuilding_SamsungSM-A235F_15-04-2026_exp4,train,7,down,7.080689655172364,clean,6,-7.82,-7.51792500449204,0.9361186522327222,True,-7.388210919837832
UriyaCohenEliya_acroBuilding_SamsungSM-A235F_15-04-2026_exp4,train,8,down,7.155689655172409,clean,7,-7.82,-7.572249766459257,0.9526067334646636,True,-7.730647887780776
UriyaCohenEliya_acroBuilding_SamsungSM-A235F_15-04-2026_exp4,train,9,up,19.06448275862067,clean,8,25.78,31.191586701680876,3.238472374262751,True,31.92500611027198
UriyaCohenEliya_acroBuilding_SamsungSM-A235F_15-04-2026_exp4,train,10,down,18.620655172413535,clean,9,-31.28,-27.80946208202,2.863884327818138,True,-31.6822691513605
UriyaCohenEliya_acroBuilding_SamsungSM-A235F_15-04-2026_exp4,train,11,up,15.535103448275777,clean,10,23.5313,22.793011347791406,2.108837045053704,True,23.951026249973978
UriyaCohenEliya_acroBuilding_SamsungSM-A235F_15-04-2026_exp4,train,12,down,15.5341034482758,clean,11,-22.5398,-22.947045565796373,2.100394058620626,True,-23.539046354943167
UriyaCohenEliya_BarIlan2Herzelia_Pixel10_24-3-2026,train,0,up,4.761413793103458,clean,2,3.0,1.9311628199714264,0.9842417813664596,False,2.770992936458697
UriyaCohenEliya_BarIlan2Herzelia_Pixel10_24-3-2026,train,1,up,6.6872758620689865,clean,4,3.0,2.9248572894379206,0.7930730715749238,True,3.0256604093362114
UriyaCohenEliya_BarIlan2Herzelia_Pixel10_24-3-2026,train,2,up,5.494827586206895,clean,5,3.0,2.514272307651737,0.7930730715749238,False,2.8094460882259114
UriyaCohenEliya_BarIlan2Herzelia_Pixel10_24-3-2026,train,3,down,16.512,entangled,7,3.0,-7.751962938267218,1.9090102596478293,True,0.8845850144605834
UriyaCohenEliya_BarIlan2Herzelia_Pixel10_24-3-2026,train,4,down,4.02800000000002,fp,-1,,0.17083749090257672,0.968060766942107,False,0.03438810862954256
UriyaCohenEliya_BarIlan2Herzelia_Pixel10_24-3-2026,train,5,up,20.177206896551752,entangled,9,-3.0,4.0000623220969995,1.742811180967916,False,-0.9843898681005783
UriyaCohenEliya_BarIlan2Herzelia_Pixel10_24-3-2026,train,6,down,24.955999999999904,entangled,11,-6.0,6.712616740924805,2.1955298133661425,False,-8.253870613341121
UriyaCohenEliya_BarIlan2Herzelia_Pixel10_24-3-2026,train,7,down,17.9079999999999,entangled,21,6.0,2.027685395705197,1.1284096477380976,False,3.805947933415837
UriyaCohenEliya_BarIlan2Herzelia_Pixel10_24-3-2026,train,8,down,6.384999999999991,clean,26,6.0,1.3440765996381299,0.9250592699755356,False,4.6786517011373405
UriyaCohenEliya_BarIlan2Herzelia_Pixel10_24-3-2026,train,9,up,6.683482758620812,clean,36,-3.0,-2.692171742690127,0.7930730715749238,True,-2.4271465903530043
UriyaCohenEliya_beitMansour1_GooglePixel10_15-04-2026_exp5,train,0,up,20.35910344827596,clean,0,41.73,40.871144455424876,3.767489447446702,True,41.25944080948352
UriyaCohenEliya_beitMansour1_GooglePixel10_15-04-2026_exp5,train,1,down,20.339103448275864,clean,1,-38.5,-40.703249551388595,3.7515464089694444,True,-41.42005488800183
UriyaCohenEliya_beitMansour1_GooglePixel10_15-04-2026_exp5,train,2,up,11.13310344827596,clean,2,19.25,17.889027510476172,1.741979572724181,True,17.92847191877395
UriyaCohenEliya_beitMansour1_GooglePixel10_15-04-2026_exp5,train,3,up,5.856275862068969,clean,3,3.8500000000000014,3.937774823020194,0.8400267118720064,True,4.278405175590365
UriyaCohenEliya_beitMansour1_GooglePixel10_15-04-2026_exp5,train,4,down,5.836275862068874,clean,4,-3.8500000000000014,-3.95400005684278,0.8439646934418381,True,-4.022316229150306
UriyaCohenEliya_beitMansour1_GooglePixel10_15-04-2026_exp5,train,5,down,12.560482758620651,clean,5,-18.1045,-17.57477735951789,1.8572063606365707,True,-17.70366188078846
UriyaCohenEliya_beitMansour1_GooglePixel10_15-04-2026_exp5,train,6,up,6.895896551724263,clean,6,6.4894,6.4294466325296655,1.1497883534680473,False,6.200933601906797
UriyaCohenEliya_beitMansour1_GooglePixel10_15-04-2026_exp5,train,7,up,9.376689655172527,clean,7,11.55,11.469840671510315,1.1905396340836991,True,11.277595241341615
UriyaCohenEliya_beitMansour1_GooglePixel10_15-04-2026_exp5,train,8,up,7.397896551724102,clean,8,7.699999999999996,7.64473555895006,0.827239871389188,True,7.776712008015792
UriyaCohenEliya_beitMansour1_GooglePixel10_15-04-2026_exp5,train,9,up,13.26248275862065,clean,9,16.900000000000006,19.09902113360063,2.006710393535446,True,19.706893348783993
UriyaCohenEliya_beitMansour1_GooglePixel10_15-04-2026_exp5,train,10,down,7.130689655172432,clean,10,-6.200000000000003,-7.523134343640213,0.939735122572532,True,-7.899327998806044
UriyaCohenEliya_beitMansour1_GooglePixel10_15-04-2026_exp5,train,11,down,5.835275862068784,clean,11,-3.8500000000000014,-3.9295500218131485,0.8386349848831686,True,-3.6482966372568484
UriyaCohenEliya_beitMansour1_GooglePixel10_15-04-2026_exp5,train,12,down,8.517517241379323,clean,12,-11.549999999999995,-11.183009669679366,1.2494291762503864,True,-11.371254253088452
UriyaCohenEliya_beitMansour1_GooglePixel10_15-04-2026_exp5,train,13,down,12.617103448275998,clean,17,-20.1042,-21.470001735170825,2.000018874945323,True,-21.952464039581912
UriyaCohenEliya_beitMansour1_GooglePixel10_15-04-2026_exp5,train,14,up,21.903103448275942,clean,13,24.6,44.58270011198577,4.062861199115101,True,45.081593784557924
UriyaCohenEliya_beitMansour1_GooglePixel10_15-04-2026_exp5,train,15,down,21.864103448275728,clean,14,-43.85,-44.47260402865598,4.056033248782859,True,-45.32786638899117
UriyaCohenEliya_beitMansour1_GooglePixel10_15-04-2026_exp5,train,16,down,10.053482758620476,clean,15,-14.55,-13.326965464184596,1.4347698216875409,True,-13.47838889577909
UriyaCohenEliya_beitMansour1_GooglePixel10_15-04-2026_exp5,train,17,up,10.073482758620685,clean,16,12.9993,13.340417154329382,1.4470696753711698,True,13.141938196040854
UriyaCohenEliya_beitMansour1_SamsungSM-A235F_15-04-2026_exp5,train,0,down,6.861206896551735,fp,-1,,-5.791486938155433,4.471040749383073,False,-2.0284174030659727
UriyaCohenEliya_beitMansour1_SamsungSM-A235F_15-04-2026_exp5,train,1,up,20.3761034482759,clean,0,41.73,40.94238004226117,3.6869525510059735,True,41.50237195101889
UriyaCohenEliya_beitMansour1_SamsungSM-A235F_15-04-2026_exp5,train,2,down,20.319103448275882,clean,1,-38.5,-41.123061365867805,3.790225834830243,True,-41.393803664544635
UriyaCohenEliya_beitMansour1_SamsungSM-A235F_15-04-2026_exp5,train,3,up,11.107103448275893,clean,2,19.25,18.095450055898972,1.7240791495489243,True,17.756259052939782
UriyaCohenEliya_beitMansour1_SamsungSM-A235F_15-04-2026_exp5,train,4,up,5.860275862068875,clean,3,3.8500000000000014,3.985335013735482,0.8507333082305946,True,3.9241543138863193
UriyaCohenEliya_beitMansour1_SamsungSM-A235F_15-04-2026_exp5,train,5,down,5.860275862068875,clean,4,-3.8500000000000014,-4.0168541351814016,0.8573568622747355,True,-3.676386178193866
UriyaCohenEliya_beitMansour1_SamsungSM-A235F_15-04-2026_exp5,train,6,down,12.56448275862067,clean,5,-18.1045,-17.938881311754706,1.867990795339143,True,-17.56586860654818
UriyaCohenEliya_beitMansour1_SamsungSM-A235F_15-04-2026_exp5,train,7,up,6.890896551724154,clean,6,6.4894,6.507329108404404,1.1636037488792603,False,6.492995552836234
UriyaCohenEliya_beitMansour1_SamsungSM-A235F_15-04-2026_exp5,train,8,up,9.359689655172474,clean,7,11.55,11.567655449739991,1.2012598858512944,True,11.218407887663432
UriyaCohenEliya_beitMansour1_SamsungSM-A235F_15-04-2026_exp5,train,9,up,7.341896551724176,clean,8,7.699999999999996,7.661441680916348,0.8325725958198565,True,7.645454800691823
UriyaCohenEliya_beitMansour1_SamsungSM-A235F_15-04-2026_exp5,train,10,up,13.224482758620638,clean,9,16.900000000000006,19.217761661316782,2.015021809851926,True,19.32038947131045
UriyaCohenEliya_beitMansour1_SamsungSM-A235F_15-04-2026_exp5,train,11,down,7.342896551724152,clean,10,-6.200000000000003,-7.756044189425524,0.8540402671306404,True,-7.495497250941
UriyaCohenEliya_beitMansour1_SamsungSM-A235F_15-04-2026_exp5,train,12,down,5.841275862068869,clean,11,-3.8500000000000014,-3.9883006476049703,0.8506607694777766,True,-3.8344995267374316
UriyaCohenEliya_beitMansour1_SamsungSM-A235F_15-04-2026_exp5,train,13,down,8.541517241379324,clean,12,-11.549999999999995,-11.417734910805482,1.1953133861416583,True,-11.477402131734635
UriyaCohenEliya_beitMansour1_SamsungSM-A235F_15-04-2026_exp5,train,14,down,12.652103448275966,clean,17,-20.1042,-21.81195518976614,2.0162478704399347,True,-21.812532082797702
UriyaCohenEliya_beitMansour1_SamsungSM-A235F_15-04-2026_exp5,train,15,up,21.920103448275995,clean,13,24.6,44.97320540190683,4.099435350760936,True,45.5174555732314
UriyaCohenEliya_beitMansour1_SamsungSM-A235F_15-04-2026_exp5,train,16,down,21.882103448275757,clean,14,-43.85,-44.83936464631213,4.087700471860648,True,-45.00231359921111
UriyaCohenEliya_beitMansour1_SamsungSM-A235F_15-04-2026_exp5,train,17,down,10.059482758620561,clean,15,-14.55,-13.444870968633344,1.4321615956872868,True,-13.4492208639859
UriyaCohenEliya_beitMansour1_SamsungSM-A235F_15-04-2026_exp5,train,18,up,10.040482758620556,clean,16,12.9993,13.395630947175544,1.4629100621117137,True,14.400879687841247
UriyaCohenEliya_beitYitzchakiRaanana_GooglePixel10_15-04-2026_exp6,test,0,up,28.575896551724213,clean,0,49.0667,49.55590972586166,4.666588298663504,True,50.41805898842999
UriyaCohenEliya_beitYitzchakiRaanana_GooglePixel10_15-04-2026_exp6,test,1,down,7.789310344827527,clean,1,-7.479999999999997,-7.505310613965591,1.2192755083053495,True,-7.591896731252959
UriyaCohenEliya_beitYitzchakiRaanana_GooglePixel10_15-04-2026_exp6,test,2,down,9.429103448275896,clean,2,-11.2143,-11.150724029733581,1.1012103253213228,True,-11.140576530697189
UriyaCohenEliya_beitYitzchakiRaanana_GooglePixel10_15-04-2026_exp6,test,3,down,5.569068965517317,clean,3,-3.7399999999999984,-3.7217834784844515,0.825456060207957,True,-3.8130910352305705
UriyaCohenEliya_beitYitzchakiRaanana_GooglePixel10_15-04-2026_exp6,test,4,down,7.44310344827602,clean,4,-7.48,-7.0939582394581295,1.2029956809528684,True,-7.238211934857858
UriyaCohenEliya_beitYitzchakiRaanana_GooglePixel10_15-04-2026_exp6,test,5,down,5.569068965517317,clean,5,-3.7399999999999984,-3.7245935907155356,0.8265990746874436,True,-3.6651198399186597
UriyaCohenEliya_beitYitzchakiRaanana_GooglePixel10_15-04-2026_exp6,test,6,down,8.927103448275943,clean,6,-10.3703,-10.329806477017161,1.016284007735215,True,-10.213210619805608
UriyaCohenEliya_beitYitzchakiRaanana_GooglePixel10_15-04-2026_exp6,test,7,down,6.529689655172433,clean,7,-5.3634,-5.5022892202008835,1.024939873603297,True,-5.25049559529549
UriyaCohenEliya_beitYitzchakiRaanana_GooglePixel10_15-04-2026_exp6,test,8,up,7.7441034482759505,clean,8,8.1724,8.087215064058968,0.8343216927323239,True,8.116276075579762
UriyaCohenEliya_beitYitzchakiRaanana_GooglePixel10_15-04-2026_exp6,test,9,up,7.463103448275888,clean,9,7.48,7.141588436663213,1.2064612579965084,True,7.672078029624728
UriyaCohenEliya_beitYitzchakiRaanana_GooglePixel10_15-04-2026_exp6,test,10,up,5.570068965517294,clean,10,3.7399999999999984,3.704809958220027,0.8264184729031059,True,3.6829628221249777
UriyaCohenEliya_beitYitzchakiRaanana_GooglePixel10_15-04-2026_exp6,test,11,up,7.483103448275983,clean,11,7.48,7.115243019286442,1.2039309160198062,True,7.180408311620056
UriyaCohenEliya_beitYitzchakiRaanana_GooglePixel10_15-04-2026_exp6,test,12,up,9.20189655172419,clean,12,11.220000000000002,11.133377865202167,1.120199396441562,True,10.994475168626536
UriyaCohenEliya_beitYitzchakiRaanana_GooglePixel10_15-04-2026_exp6,test,13,up,7.442103448275702,clean,13,7.479999999999997,7.106217521383761,1.2015785939736832,True,6.72170186460437
UriyaCohenEliya_beitYitzchakiRaanana_GooglePixel10_15-04-2026_exp6,test,14,up,5.85527586206922,clean,14,3.740000000000002,4.196584394361518,0.8810146209315738,True,4.2984970481444265
UriyaCohenEliya_beitYitzchakiRaanana_GooglePixel10_15-04-2026_exp6,test,15,down,4.2552068965517265,fp,-1,,-0.012652632138879063,0.7930730715749238,False,-10.240792635291044
UriyaCohenEliya_beitYitzchakiRaanana_GooglePixel10_15-04-2026_exp6,test,16,up,16.36062068965498,entangled,18,-19.7414,12.026122635280522,2.769322812847678,False,-1.5047386135234433
UriyaCohenEliya_beitYitzchakiRaanana_GooglePixel10_15-04-2026_exp6,test,17,up,7.464103448275637,clean,20,7.48,7.120543248308542,1.2033576522408012,True,7.347923497282636
UriyaCohenEliya_beitYitzchakiRaanana_GooglePixel10_15-04-2026_exp6,test,18,up,5.56906896551709,clean,21,3.7399999999999984,3.7056465000482373,0.8277843563909196,True,3.643297605436132
UriyaCohenEliya_beitYitzchakiRaanana_GooglePixel10_15-04-2026_exp6,test,19,up,13.092896551724152,clean,22,18.7,18.705261165412505,1.780602217840651,True,19.296567969078183
UriyaCohenEliya_beitYitzchakiRaanana_GooglePixel10_15-04-2026_exp6,test,20,up,7.423103448275697,clean,23,7.740000000000002,7.130986633618731,1.2018684663996881,True,7.507747950008479
UriyaCohenEliya_beitYitzchakiRaanana_GooglePixel10_15-04-2026_exp6,test,21,up,5.835275862069011,clean,24,3.75,4.196193899073149,0.8810792360024026,True,4.248221353098344
UriyaCohenEliya_beitYitzchakiRaanana_GooglePixel10_15-04-2026_exp6,test,22,down,15.178896551724165,clean,25,-22.71,-22.669188639631948,2.1693091334742727,True,-22.88917866183833
UriyaCohenEliya_beitYitzchakiRaanana_GooglePixel10_15-04-2026_exp6,test,23,down,17.244896551724196,clean,26,-26.18,-26.868391333603956,2.543316387994714,True,-27.475807915483642
UriyaCohenEliya_beitYitzchakiRaanana_GooglePixel10_15-04-2026_exp6,test,24,up,28.556896551724094,clean,27,48.89,45.86154882696,4.360246308091471,False,50.713682642610095
UriyaCohenEliya_beitYitzchakiRaanana_GooglePixel10_15-04-2026_exp6,test,25,down,28.696896551724194,clean,28,-48.89,-49.389558772968805,4.648113931977765,True,-50.13715188992062
UriyaCohenEliya_beitYitzchakiRaanana_SamsungSM-A235F_15-04-2026_exp6,test,0,up,28.571896551724194,clean,0,49.0667,50.13096532706365,4.6516609749506515,True,50.169390369066804
UriyaCohenEliya_beitYitzchakiRaanana_SamsungSM-A235F_15-04-2026_exp6,test,1,down,7.771310344827498,clean,1,-7.479999999999997,-7.621445755779273,1.2377507808091954,True,-7.7641455489585525
UriyaCohenEliya_beitYitzchakiRaanana_SamsungSM-A235F_15-04-2026_exp6,test,2,down,9.450103448275968,clean,2,-11.2143,-11.290066574450494,1.1272265582141188,True,-11.350363160779963
UriyaCohenEliya_beitYitzchakiRaanana_SamsungSM-A235F_15-04-2026_exp6,test,3,down,5.580068965517398,clean,3,-3.7399999999999984,-3.789726304689226,0.8406505620893789,True,-3.9943572001963616
UriyaCohenEliya_beitYitzchakiRaanana_SamsungSM-A235F_15-04-2026_exp6,test,4,down,7.472103448276016,clean,4,-7.48,-7.198963207224589,1.2199210574424837,True,-7.289337085988905
UriyaCohenEliya_beitYitzchakiRaanana_SamsungSM-A235F_15-04-2026_exp6,test,5,down,5.562068965517369,clean,5,-3.7399999999999984,-3.785318069564677,0.840116538853714,True,-3.706016519277725
UriyaCohenEliya_beitYitzchakiRaanana_SamsungSM-A235F_15-04-2026_exp6,test,6,down,8.960103448275845,clean,6,-10.3703,-10.435202833504167,1.021377311133675,True,-10.377884856349056
UriyaCohenEliya_beitYitzchakiRaanana_SamsungSM-A235F_15-04-2026_exp6,test,7,down,6.553689655172434,clean,7,-5.3634,-5.603448428396805,1.0438550422300121,True,-5.446268037856157
UriyaCohenEliya_beitYitzchakiRaanana_SamsungSM-A235F_15-04-2026_exp6,test,8,up,7.774103448275923,clean,8,8.1724,8.28285173991287,0.8437050735050731,True,8.249537390407397
UriyaCohenEliya_beitYitzchakiRaanana_SamsungSM-A235F_15-04-2026_exp6,test,9,up,7.453103448276011,clean,9,7.48,7.226374864205555,1.220216009143714,True,7.580961345735517
UriyaCohenEliya_beitYitzchakiRaanana_SamsungSM-A235F_15-04-2026_exp6,test,10,up,5.562068965517369,clean,10,3.7399999999999984,3.8016325836768288,0.8467161242482516,True,3.7874229654449465
UriyaCohenEliya_beitYitzchakiRaanana_SamsungSM-A235F_15-04-2026_exp6,test,11,up,7.453103448276011,clean,11,7.48,7.222367272913828,1.220403177377228,True,7.720704019642696
UriyaCohenEliya_beitYitzchakiRaanana_SamsungSM-A235F_15-04-2026_exp6,test,12,up,8.851689655172436,clean,12,11.220000000000002,10.65160798995565,1.6031443354543549,False,11.206910362272225
UriyaCohenEliya_beitYitzchakiRaanana_SamsungSM-A235F_15-04-2026_exp6,test,13,up,7.283103448275597,clean,13,7.479999999999997,7.036534562409146,1.2117593608985493,True,8.950251553930173
UriyaCohenEliya_beitYitzchakiRaanana_SamsungSM-A235F_15-04-2026_exp6,test,14,up,5.823275862069067,clean,14,3.740000000000002,4.263696758820614,0.8942295119075542,True,4.38455311377561
UriyaCohenEliya_beitYitzchakiRaanana_SamsungSM-A235F_15-04-2026_exp6,test,15,up,3.4486206896549447,fp,-1,,-8.287181674725574,6.48021820682474,False,2.284508041891911
UriyaCohenEliya_beitYitzchakiRaanana_SamsungSM-A235F_15-04-2026_exp6,test,16,up,26.489413793103267,fp,-1,,-12.308819783102212,2.976127229766999,False,3.613714268269348
UriyaCohenEliya_beitYitzchakiRaanana_SamsungSM-A235F_15-04-2026_exp6,test,17,down,3.1322068965519065,fp,-1,,-0.06971951927992345,31.995351481695835,False,3.0212232724589825
UriyaCohenEliya_beitYitzchakiRaanana_SamsungSM-A235F_15-04-2026_exp6,test,18,down,5.693068965517114,clean,15,-3.740000000000002,-4.725812509567623,2.008630533898978,False,-3.6559211177159625
UriyaCohenEliya_beitYitzchakiRaanana_SamsungSM-A235F_15-04-2026_exp6,test,19,down,9.45010344827574,clean,16,-11.22,-11.346813878959372,1.1390041006701848,True,-13.793184766371326
UriyaCohenEliya_beitYitzchakiRaanana_SamsungSM-A235F_15-04-2026_exp6,test,20,down,11.242896551724016,clean,17,-14.96,-15.057558179315395,1.4508307625862054,True,-15.323820320004643
UriyaCohenEliya_beitYitzchakiRaanana_SamsungSM-A235F_15-04-2026_exp6,test,21,down,13.4658965517242,clean,18,-19.7414,-19.418180847170976,1.8393065063802885,True,-20.365773340093682
UriyaCohenEliya_beitYitzchakiRaanana_SamsungSM-A235F_15-04-2026_exp6,test,22,up,7.453103448275897,clean,20,7.48,7.233826054548264,1.2216538018105372,True,7.5220187869745985
UriyaCohenEliya_beitYitzchakiRaanana_SamsungSM-A235F_15-04-2026_exp6,test,23,up,5.562068965517028,clean,21,3.7399999999999984,3.8079464047977396,0.8491603027277091,True,3.7926050128287585
UriyaCohenEliya_beitYitzchakiRaanana_SamsungSM-A235F_15-04-2026_exp6,test,24,up,13.087896551724043,clean,22,18.7,18.840089772023514,1.7837080003767003,True,19.202813326592022
UriyaCohenEliya_beitYitzchakiRaanana_SamsungSM-A235F_15-04-2026_exp6,test,25,up,7.602310344827629,clean,23,7.740000000000002,7.752041527217729,1.2437913293561365,True,7.650212923012134
UriyaCohenEliya_beitYitzchakiRaanana_SamsungSM-A235F_15-04-2026_exp6,test,26,up,5.842275862069073,clean,24,3.75,4.26299122579212,0.8950727121556066,True,4.1567032233350005
UriyaCohenEliya_beitYitzchakiRaanana_SamsungSM-A235F_15-04-2026_exp6,test,27,down,15.178896551724165,clean,25,-22.71,-22.923808118836565,2.153553473242365,True,-23.316384599742563
UriyaCohenEliya_beitYitzchakiRaanana_SamsungSM-A235F_15-04-2026_exp6,test,28,down,17.25089655172428,clean,26,-26.18,-27.06054046380956,2.5362277329336624,True,-27.4304070333785
UriyaCohenEliya_beitYitzchakiRaanana_SamsungSM-A235F_15-04-2026_exp6,test,29,up,28.553896551724165,clean,27,48.89,49.06407065462447,4.703878024539486,False,50.986107072286714
UriyaCohenEliya_beitYitzchakiRaanana_SamsungSM-A235F_15-04-2026_exp6,test,30,down,28.685896551724227,clean,28,-48.89,-50.028039944754724,4.706853758391581,True,-50.274778622742986
UriyaCohenEliya_milleniumHotel_GooglePixel10_15-04-2026_exp1,train,0,up,3.7298275862068984,fp,-1,,-0.22550973535642005,0.7930730715749238,False,-1.7224687413967672
UriyaCohenEliya_milleniumHotel_GooglePixel10_15-04-2026_exp1,train,1,up,1.8620000000000232,fp,-1,,0.06109254101013036,0.7930730715749238,False,0.008880387159251768
UriyaCohenEliya_milleniumHotel_GooglePixel10_15-04-2026_exp1,train,2,down,7.212206896551663,fp,-1,,0.027250448784204094,0.7930730715749238,False,0.8635085811076522
UriyaCohenEliya_milleniumHotel_GooglePixel10_15-04-2026_exp1,train,3,up,4.7314137931034566,fp,-1,,16.747725768255442,15.014912520342245,False,-1.3219212534902027
UriyaCohenEliya_milleniumHotel_GooglePixel10_15-04-2026_exp1,train,4,up,16.92427586206884,entangled,0,-3.674999999999997,17.961061628794212,2.304976234202595,True,-4.39631117985283
UriyaCohenEliya_milleniumHotel_GooglePixel10_15-04-2026_exp1,train,5,down,7.129689655172115,clean,2,-6.649999999999999,-6.669618562970172,0.8275246259062492,True,-6.593133132412177
UriyaCohenEliya_milleniumHotel_GooglePixel10_15-04-2026_exp1,train,6,down,5.5090689655171445,clean,4,-3.324999999999996,-3.3934491321714657,0.7930730715749238,True,-3.249797103281864
UriyaCohenEliya_milleniumHotel_GooglePixel10_15-04-2026_exp1,train,7,down,6.382482758620654,clean,5,-5.600000000000001,-5.0977343458595215,1.0246011916102507,True,-5.462874004667839
UriyaCohenEliya_milleniumHotel_GooglePixel10_15-04-2026_exp1,train,8,down,24.970206896551872,fp,-1,,-22.230396840286563,7.847995881943334,False,1.955601990762311
UriyaCohenEliya_milleniumHotel_GooglePixel10_15-04-2026_exp1,train,9,down,3.969827586206975,fp,-1,,0.539989684731718,2.9235396404413483,False,1.122873672024859
UriyaCohenEliya_milleniumHotel_GooglePixel10_15-04-2026_exp1,train,10,down,14.743827586206407,fp,-1,,-0.07683758276494729,0.7930730715749238,False,1.7515541786366242
UriyaCohenEliya_milleniumHotel_GooglePixel10_15-04-2026_exp1,train,11,up,10.578862068965464,clean,8,13.299999999999995,13.274793251071557,1.697480011287657,True,13.791285372307314
UriyaCohenEliya_milleniumHotel_GooglePixel10_15-04-2026_exp1,train,12,up,8.94006896551764,clean,9,10.050000000000011,10.296861722862777,1.3025929007820407,True,10.531247350760538
UriyaCohenEliya_milleniumHotel_GooglePixel10_15-04-2026_exp2,train,0,down,10.852206896551706,fp,-1,,-7.072161729358459,3.834973891006279,False,2.581943019826106
UriyaCohenEliya_milleniumHotel_GooglePixel10_15-04-2026_exp2,train,1,up,20.877827586206877,clean,12,5.428,5.373104966170006,0.873366124946419,True,10.248113812655689
UriyaCohenEliya_milleniumHotel_SamsungSM-A235F_15-04-2026_exp2,train,0,up,7.735103448275822,fp,-1,,0.4064091838941336,2.724180829263529,False,0.2273859144914212
UriyaCohenEliya_milleniumHotel_SamsungSM-A235F_15-04-2026_exp2,train,1,down,7.120482758620653,clean,0,-6.999999999999993,-7.051355971152455,0.9169275844781065,True,0.07212342717515696
UriyaCohenEliya_milleniumHotel_SamsungSM-A235F_15-04-2026_exp2,train,2,down,19.704275862068812,clean,1,-28.875,-28.909308248981986,3.2161157075518596,True,-11.567162494001508
UriyaCohenEliya_milleniumHotel_SamsungSM-A235F_15-04-2026_exp2,train,3,down,9.816275862068892,clean,2,-11.55,-11.75928600808651,1.3514154051441012,True,-0.37977548208917256
UriyaCohenEliya_milleniumHotel_SamsungSM-A235F_15-04-2026_exp2,train,4,down,12.792275862068891,clean,3,-16.8,-16.847272644170445,1.8488069042460127,True,-0.5676408665001276
UriyaCohenEliya_milleniumHotel_SamsungSM-A235F_15-04-2026_exp2,train,5,down,4.852448275862116,fp,-1,,17.702572034695343,12.822097860108675,False,-0.18010198999955662
UriyaCohenEliya_milleniumHotel_SamsungSM-A235F_15-04-2026_exp2,train,6,up,9.76665517241372,clean,4,12.6,12.22721397939342,2.0246078068106694,True,-0.5820293300457848
UriyaCohenEliya_milleniumHotel_SamsungSM-A235F_15-04-2026_exp2,train,7,up,5.842275862068959,clean,5,4.200000000000001,4.088666236793364,0.8689992170788585,True,1.6364209380296302
UriyaCohenEliya_milleniumHotel_SamsungSM-A235F_15-04-2026_exp2,train,8,up,6.8546896551724785,clean,6,6.199999999999999,6.033210000409577,1.0982071997662883,True,0.3335723890998281
UriyaCohenEliya_milleniumHotel_SamsungSM-A235F_15-04-2026_exp2,train,9,up,6.477689655172412,clean,7,5.350000000000001,5.500726946936537,1.0436615995475846,True,0.14473216389201582
UriyaCohenEliya_milleniumHotel_SamsungSM-A235F_15-04-2026_exp2,train,10,up,8.344482758620643,clean,8,8.924999999999997,9.04560065662745,1.0926332703489472,True,0.7236470815085596
UriyaCohenEliya_milleniumHotel_SamsungSM-A235F_15-04-2026_exp2,train,11,up,10.795275862068934,clean,24,13.3,13.398799938014585,1.4893871274550656,True,0.5975370322212683
UriyaCohenEliya_milleniumHotel_SamsungSM-A235F_15-04-2026_exp2,train,12,up,5.524068965517358,clean,9,3.325000000000003,3.4434336594056245,0.7930730715749238,True,0.47650218946667167
UriyaCohenEliya_milleniumHotel_SamsungSM-A235F_15-04-2026_exp2,train,13,up,8.950275862068906,clean,10,9.975,10.087024284964631,1.1740022925932274,True,0.3341323330860462
UriyaCohenEliya_milleniumHotel_SamsungSM-A235F_15-04-2026_exp2,train,14,down,26.8062758620689,clean,11,-41.125,-41.26289917656488,4.4780259489593055,True,-24.280320635587756
UriyaCohenEliya_milleniumHotel_SamsungSM-A235F_15-04-2026_exp2,train,15,up,6.181275862069015,clean,12,5.428,5.385184632925196,0.7930730715749238,True,0.4015272026557142
UriyaCohenEliya_milleniumHotel_SamsungSM-A235F_15-04-2026_exp2,train,16,up,23.645862068965698,clean,13,34.65,36.10993248718825,4.549641842686165,True,27.373252496541937
UriyaCohenEliya_milleniumHotel_SamsungSM-A235F_15-04-2026_exp2,train,17,down,26.753862068965418,clean,14,-40.95,-41.136485390311236,5.1311761658270605,True,-23.860539145502884
UriyaCohenEliya_milleniumHotel_SamsungSM-A235F_15-04-2026_exp2,train,18,up,6.199275862069271,clean,15,6.3,5.376086640943639,0.7930730715749238,True,0.07282742376412443
UriyaCohenEliya_milleniumHotel_SamsungSM-A235F_15-04-2026_exp2,train,19,down,5.976068965517243,clean,16,-6.3,-5.356248560718047,0.7930730715749238,True,-0.32198460070083
UriyaCohenEliya_milleniumHotel_SamsungSM-A235F_15-04-2026_exp2,train,20,up,6.199275862069271,clean,17,6.3,5.3805139582827115,0.7930730715749238,True,0.12288219193399641
UriyaCohenEliya_milleniumHotel_SamsungSM-A235F_15-04-2026_exp2,train,21,up,9.914862068965704,clean,18,12.287,12.292486266681546,1.581208808850921,True,-0.15323845770610944
UriyaCohenEliya_milleniumHotel_SamsungSM-A235F_15-04-2026_exp2,train,22,up,8.577862068965487,clean,19,10.950000000000005,10.068450627263774,1.2955819841228575,True,2.514818970799567
UriyaCohenEliya_milleniumHotel_SamsungSM-A235F_15-04-2026_exp2,train,23,up,5.092862068965587,clean,25,3.3999999999999986,3.2447415277293277,0.840377070934811,True,0.3259805000869278
UriyaCohenEliya_milleniumHotel_SamsungSM-A235F_15-04-2026_exp2,train,24,up,6.672068965516928,clean,26,5.350000000000001,6.683459955291931,0.9354373045508337,True,0.6355089333543731
UriyaCohenEliya_milleniumHotel_SamsungSM-A235F_15-04-2026_exp2,train,25,up,5.354068965517172,clean,20,3.324999999999996,3.7882612297490925,0.9117452586124801,True,1.2771172086056168
UriyaCohenEliya_milleniumHotel_SamsungSM-A235F_15-04-2026_exp2,train,26,down,5.335068965517166,clean,21,-3.324999999999996,-3.7854750553856165,0.9150885038556291,True,0.9436476197251693
UriyaCohenEliya_milleniumHotel_SamsungSM-A235F_15-04-2026_exp2,train,27,down,5.055862068965553,clean,27,-3.1889,-3.215923074228111,0.8318080081539667,True,-0.49416971961849754
UriyaCohenEliya_milleniumHotel_SamsungSM-A235F_15-04-2026_exp2,train,28,down,6.654068965517126,clean,28,-6.199999999999999,-6.67256299373178,0.9193305032001508,True,-0.3754617320979037
UriyaCohenEliya_milleniumHotel_SamsungSM-A235F_15-04-2026_exp2,train,29,down,12.457862068965596,clean,29,-16.8,-16.57577826287544,2.0684729299649263,True,-0.7567690636651179
UriyaCohenEliya_milleniumHotel_SamsungSM-A235F_15-04-2026_exp2,train,30,down,6.089068965517072,clean,30,-5.5728,-5.552330656784188,0.7930730715749238,True,-0.23106486903364498
UriyaCohenEliya_milleniumHotel_SamsungSM-A235F_15-04-2026_exp2,train,31,down,5.976068965517243,clean,22,-5.600000000000001,-5.302574087800841,0.7930730715749238,True,0.00011776712352684626
UriyaCohenEliya_milleniumHotel_SamsungSM-A235F_15-04-2026_exp2,train,32,down,16.13086206896537,clean,23,-22.05,-23.00664990288296,2.914441418026739,True,-5.975253268616896
UriyaCohenEliya_milleniumHotel_SamsungSM-A235F_15-04-2026_exp2,train,33,up,3.6320344827583995,fp,-1,,0.6345947550802443,1.2536309446261653,False,-5.109749761553921
UriyaCohenEliya_milleniumHotel_Xiaomi22101320I_15-04-2026_exp1,train,0,down,3.951827586206946,fp,-1,,-0.03535970752313875,0.7930730715749238,False,-2.9795371719833526
UriyaCohenEliya_milleniumHotel_Xiaomi22101320I_15-04-2026_exp1,train,1,down,10.52586206896558,clean,8,13.299999999999995,13.443158501420632,1.7192026268602871,True,8.514412199208408
UriyaCohenEliya_milleniumHotel_Xiaomi22101320I_15-04-2026_exp1,train,2,down,8.28824137931042,clean,9,10.050000000000011,10.117222022877574,1.444322383777754,True,7.58289908707016
UriyaCohenEliya_milleniumOutside_GooglePixel10_15-04-2026_exp3,train,0,up,12.373724137931035,clean,0,12.777444193725271,12.497462862566023,1.4770308484086714,True,12.6637188461917
UriyaCohenEliya_milleniumOutside_GooglePixel10_15-04-2026_exp3,train,1,down,5.509068965517237,clean,1,-3.412756191847677,-3.103332023697518,0.7930730715749238,True,-3.272534088254943
UriyaCohenEliya_milleniumOutside_GooglePixel10_15-04-2026_exp3,train,2,up,5.489068965517234,clean,2,3.428123033694717,3.1053451933500194,0.7930730715749238,True,3.471535334970355
UriyaCohenEliya_milleniumOutside_GooglePixel10_15-04-2026_exp3,train,3,up,5.895275862068971,clean,3,4.182211224990411,4.220929762618697,0.8920022991385322,True,4.18692106502823
UriyaCohenEliya_milleniumOutside_GooglePixel10_15-04-2026_exp3,train,4,up,6.878275862068961,clean,4,6.231132201261616,6.226206631269595,0.7932263444514674,True,6.399696881014904
UriyaCohenEliya_milleniumOutside_GooglePixel10_15-04-2026_exp3,train,5,down,6.878275862068961,clean,5,-6.346494271686126,-6.238348444062687,0.8357294965611506,True,-6.149159484288006
UriyaCohenEliya_milleniumOutside_GooglePixel10_15-04-2026_exp3,train,6,down,9.680068965517222,clean,6,-10.911797942609724,-10.645788729008677,1.2664717654818458,True,-10.094815461918103
UriyaCohenEliya_milleniumOutside_GooglePixel10_15-04-2026_exp3,train,7,down,6.758275862068956,clean,7,-6.21694641445859,-6.062016299014166,0.8074842208409115,True,-6.176207837886949
UriyaCohenEliya_milleniumOutside_GooglePixel10_15-04-2026_exp3,train,8,up,17.36206896551724,clean,8,23.36346424783879,22.91592724425967,2.7276648824540715,True,23.472754034745293
UriyaCohenEliya_milleniumOutside_GooglePixel10_15-04-2026_exp3,train,9,down,6.878275862068961,clean,9,-6.25158268561222,-6.233194601184743,0.8317920074495223,True,-6.189158415213797
UriyaCohenEliya_milleniumOutside_GooglePixel10_15-04-2026_exp3,train,10,down,9.660068965517212,clean,10,-10.895782813511346,-10.544442481920521,1.2502253901919314,True,-10.77177144428704
UriyaCohenEliya_milleniumOutside_GooglePixel10_15-04-2026_exp3,train,11,down,6.758275862069013,clean,11,-6.17184394354895,-6.056939620836113,0.8078362871215605,True,-6.417819253749769
UriyaCohenEliya_milleniumOutside_SamsungSM-A235F_15-04-2026_exp3,train,0,up,10.835068965517245,clean,0,12.777444193725271,12.644040784210302,1.4888381097094843,True,1.3510055477686933
UriyaCohenEliya_milleniumOutside_SamsungSM-A235F_15-04-2026_exp3,train,1,down,5.486068965517234,clean,1,-3.412756191847677,-3.4594181796386185,0.7930730715749238,True,-0.11010831111524055
UriyaCohenEliya_milleniumOutside_SamsungSM-A235F_15-04-2026_exp3,train,2,up,5.467068965517228,clean,2,3.428123033694717,3.459320027946104,0.7930730715749238,True,0.0993816063835169
UriyaCohenEliya_milleniumOutside_SamsungSM-A235F_15-04-2026_exp3,train,3,up,5.898275862068971,clean,3,4.182211224990411,4.289680812032181,0.9064973233587076,True,-0.11439021208791189
UriyaCohenEliya_milleniumOutside_SamsungSM-A235F_15-04-2026_exp3,train,4,up,6.877275862068927,clean,4,6.231132201261616,6.2104551507445,0.7930730715749238,True,-0.042262576026672605
UriyaCohenEliya_milleniumOutside_SamsungSM-A235F_15-04-2026_exp3,train,5,down,7.045482758620693,clean,5,-6.346494271686126,-6.268817755635612,0.8115053657779258,True,-0.13704134268400026
UriyaCohenEliya_milleniumOutside_SamsungSM-A235F_15-04-2026_exp3,train,6,down,9.648068965517211,clean,6,-10.911797942609724,-10.611660899168283,1.2611499894145124,True,-0.41039825636575245
UriyaCohenEliya_milleniumOutside_SamsungSM-A235F_15-04-2026_exp3,train,7,down,6.783275862068933,clean,7,-6.21694641445859,-6.159211905368847,0.8238713345576688,True,0.42423447275288595
UriyaCohenEliya_milleniumOutside_SamsungSM-A235F_15-04-2026_exp3,train,8,up,17.352068965517248,clean,8,23.36346424783879,23.149911657935192,2.755255085502618,True,11.843910966738804
UriyaCohenEliya_milleniumOutside_SamsungSM-A235F_15-04-2026_exp3,train,9,down,7.045482758620665,clean,9,-6.25158268561222,-6.282326178912634,0.8138050619466862,True,-0.1935189472822998
UriyaCohenEliya_milleniumOutside_SamsungSM-A235F_15-04-2026_exp3,train,10,down,9.668068965517193,clean,10,-10.895782813511346,-10.659668402044515,1.2653170689505122,True,-0.37801284390421586
UriyaCohenEliya_milleniumOutside_SamsungSM-A235F_15-04-2026_exp3,train,11,down,6.78327586206899,clean,11,-6.17184394354895,-6.112597856236511,0.8134405133897404,True,-2.4247125919645427
